<Diagram Version="17">
  <Nodes>
    <Node Class="std:TableNode" Id="0" Version="1">
      <Bounds>14, 14, 40, 44</Bounds>
      <ZIndex>0</ZIndex>
      <LayerIndex>-1</LayerIndex>
      <HyperLink />
      <ToolTip />
      <Locked>False</Locked>
      <Visible>True</Visible>
      <Printable>True</Printable>
      <ShadowOffsetX>1</ShadowOffsetX>
      <ShadowOffsetY>1</ShadowOffsetY>
      <Weight>1</Weight>
      <IgnoreLayout>False</IgnoreLayout>
      <Text>Table</Text>
      <TextFormat>
        <Alignment>1</Alignment>
        <Flags>0</Flags>
        <LineAlignment>1</LineAlignment>
        <Trimming>1</Trimming>
      </TextFormat>
      <TextPadding>0, 0, 0, 0</TextPadding>
      <Obstacle>True</Obstacle>
      <AllowIncomingLinks>True</AllowIncomingLinks>
      <AllowOutgoingLinks>True</AllowOutgoingLinks>
      <EnabledHandles>511</EnabledHandles>
      <Expanded>True</Expanded>
      <Expandable>False</Expandable>
      <RotationAngle>0</RotationAngle>
      <Effects />
      <Cells>
        <Cell>
          <Text>Cell 1:1</Text>
          <HyperLink />
          <ToolTip />
          <TextFormat>
            <Alignment>0</Alignment>
            <Flags>0</Flags>
            <LineAlignment>1</LineAlignment>
            <Trimming>1</Trimming>
          </TextFormat>
          <ImageUrl />
          <ImageAlign>1</ImageAlign>
          <ColumnSpan>1</ColumnSpan>
          <RowSpan>1</RowSpan>
        </Cell>
        <Cell>
          <Text>Cell 1:2</Text>
          <HyperLink />
          <ToolTip />
          <TextFormat>
            <Alignment>0</Alignment>
            <Flags>0</Flags>
            <LineAlignment>1</LineAlignment>
            <Trimming>1</Trimming>
          </TextFormat>
          <ImageUrl />
          <ImageAlign>1</ImageAlign>
          <ColumnSpan>1</ColumnSpan>
          <RowSpan>1</RowSpan>
        </Cell>
        <Cell>
          <Text>Cell 2:1</Text>
          <HyperLink />
          <ToolTip />
          <TextFormat>
            <Alignment>0</Alignment>
            <Flags>0</Flags>
            <LineAlignment>1</LineAlignment>
            <Trimming>1</Trimming>
          </TextFormat>
          <ImageUrl />
          <ImageAlign>1</ImageAlign>
          <ColumnSpan>1</ColumnSpan>
          <RowSpan>1</RowSpan>
        </Cell>
        <Cell>
          <Text>Cell 2:2</Text>
          <HyperLink />
          <ToolTip />
          <TextFormat>
            <Alignment>0</Alignment>
            <Flags>0</Flags>
            <LineAlignment>1</LineAlignment>
            <Trimming>1</Trimming>
          </TextFormat>
          <ImageUrl />
          <ImageAlign>1</ImageAlign>
          <ColumnSpan>1</ColumnSpan>
          <RowSpan>1</RowSpan>
        </Cell>
        <Cell>
          <Text>Cell 3:1</Text>
          <HyperLink />
          <ToolTip />
          <TextFormat>
            <Alignment>0</Alignment>
            <Flags>0</Flags>
            <LineAlignment>1</LineAlignment>
            <Trimming>1</Trimming>
          </TextFormat>
          <ImageUrl />
          <ImageAlign>1</ImageAlign>
          <ColumnSpan>1</ColumnSpan>
          <RowSpan>1</RowSpan>
        </Cell>
        <Cell>
          <Text>Cell 3:2</Text>
          <HyperLink />
          <ToolTip />
          <TextFormat>
            <Alignment>0</Alignment>
            <Flags>0</Flags>
            <LineAlignment>1</LineAlignment>
            <Trimming>1</Trimming>
          </TextFormat>
          <ImageUrl />
          <ImageAlign>1</ImageAlign>
          <ColumnSpan>1</ColumnSpan>
          <RowSpan>1</RowSpan>
        </Cell>
        <Cell>
          <Text>Cell 4:1</Text>
          <HyperLink />
          <ToolTip />
          <TextFormat>
            <Alignment>0</Alignment>
            <Flags>0</Flags>
            <LineAlignment>1</LineAlignment>
            <Trimming>1</Trimming>
          </TextFormat>
          <ImageUrl />
          <ImageAlign>1</ImageAlign>
          <ColumnSpan>1</ColumnSpan>
          <RowSpan>1</RowSpan>
        </Cell>
        <Cell>
          <Text>Cell 4:2</Text>
          <HyperLink />
          <ToolTip />
          <TextFormat>
            <Alignment>0</Alignment>
            <Flags>0</Flags>
            <LineAlignment>1</LineAlignment>
            <Trimming>1</Trimming>
          </TextFormat>
          <ImageUrl />
          <ImageAlign>1</ImageAlign>
          <ColumnSpan>1</ColumnSpan>
          <RowSpan>1</RowSpan>
        </Cell>
      </Cells>
      <Rows>
        <Row>
          <Height>6</Height>
          <Header>False</Header>
          <Expanded>True</Expanded>
        </Row>
        <Row>
          <Height>6</Height>
          <Header>False</Header>
          <Expanded>True</Expanded>
        </Row>
        <Row>
          <Height>6</Height>
          <Header>False</Header>
          <Expanded>True</Expanded>
        </Row>
        <Row>
          <Height>6</Height>
          <Header>False</Header>
          <Expanded>True</Expanded>
        </Row>
      </Rows>
      <Columns>
        <Column>
          <Width>18</Width>
          <ColumnStyle>0</ColumnStyle>
        </Column>
        <Column>
          <Width>18</Width>
          <ColumnStyle>0</ColumnStyle>
        </Column>
      </Columns>
      <HandlesStyle>2</HandlesStyle>
      <CaptionHeight>5</CaptionHeight>
      <EnableStyledText>False</EnableStyledText>
      <ConnectionStyle>1</ConnectionStyle>
      <ImageAlign>1</ImageAlign>
      <Shape>1</Shape>
      <CustomDraw>0</CustomDraw>
      <CellFrameStyle>0</CellFrameStyle>
      <CellCustomDraw>0</CellCustomDraw>
      <RowHeight>6</RowHeight>
      <ColumnWidth>18</ColumnWidth>
      <CurrentScrollRow>0</CurrentScrollRow>
      <Scrollable>False</Scrollable>
      <OffsetHeaderRows>False</OffsetHeaderRows>
      <HighlightedRow>-1</HighlightedRow>
      <AllowResizeColumns>False</AllowResizeColumns>
      <AllowResizeRows>False</AllowResizeRows>
    </Node>
    <Node Class="std:TableNode" Id="1" Version="1">
      <Bounds>50, 26, 40, 44</Bounds>
      <ZIndex>0</ZIndex>
      <LayerIndex>-1</LayerIndex>
      <HyperLink />
      <ToolTip />
      <Locked>False</Locked>
      <Visible>True</Visible>
      <Printable>True</Printable>
      <ShadowOffsetX>1</ShadowOffsetX>
      <ShadowOffsetY>1</ShadowOffsetY>
      <Weight>1</Weight>
      <IgnoreLayout>False</IgnoreLayout>
      <Text>Sample table</Text>
      <TextFormat>
        <Alignment>1</Alignment>
        <Flags>0</Flags>
        <LineAlignment>1</LineAlignment>
        <Trimming>1</Trimming>
      </TextFormat>
      <TextPadding>0, 0, 0, 0</TextPadding>
      <Obstacle>True</Obstacle>
      <AllowIncomingLinks>True</AllowIncomingLinks>
      <AllowOutgoingLinks>True</AllowOutgoingLinks>
      <EnabledHandles>511</EnabledHandles>
      <Expanded>True</Expanded>
      <Expandable>False</Expandable>
      <RotationAngle>0</RotationAngle>
      <Effects />
      <Cells>
        <Cell>
          <Text>Cell 1:1</Text>
          <HyperLink />
          <ToolTip />
          <TextFormat>
            <Alignment>0</Alignment>
            <Flags>0</Flags>
            <LineAlignment>1</LineAlignment>
            <Trimming>1</Trimming>
          </TextFormat>
          <ImageUrl />
          <ImageAlign>1</ImageAlign>
          <ColumnSpan>1</ColumnSpan>
          <RowSpan>1</RowSpan>
        </Cell>
        <Cell>
          <Text>Cell 1:2</Text>
          <HyperLink />
          <ToolTip />
          <TextFormat>
            <Alignment>0</Alignment>
            <Flags>0</Flags>
            <LineAlignment>1</LineAlignment>
            <Trimming>1</Trimming>
          </TextFormat>
          <ImageUrl />
          <ImageAlign>1</ImageAlign>
          <ColumnSpan>1</ColumnSpan>
          <RowSpan>1</RowSpan>
        </Cell>
        <Cell>
          <Text>Cell 2:1</Text>
          <HyperLink />
          <ToolTip />
          <TextFormat>
            <Alignment>0</Alignment>
            <Flags>0</Flags>
            <LineAlignment>1</LineAlignment>
            <Trimming>1</Trimming>
          </TextFormat>
          <ImageUrl />
          <ImageAlign>1</ImageAlign>
          <ColumnSpan>1</ColumnSpan>
          <RowSpan>1</RowSpan>
        </Cell>
        <Cell>
          <Text>Cell 2:2</Text>
          <HyperLink />
          <ToolTip />
          <TextFormat>
            <Alignment>0</Alignment>
            <Flags>0</Flags>
            <LineAlignment>1</LineAlignment>
            <Trimming>1</Trimming>
          </TextFormat>
          <ImageUrl />
          <ImageAlign>1</ImageAlign>
          <ColumnSpan>1</ColumnSpan>
          <RowSpan>1</RowSpan>
        </Cell>
        <Cell>
          <Text>Cell 3:1</Text>
          <HyperLink />
          <ToolTip />
          <TextFormat>
            <Alignment>0</Alignment>
            <Flags>0</Flags>
            <LineAlignment>1</LineAlignment>
            <Trimming>1</Trimming>
          </TextFormat>
          <ImageUrl />
          <ImageAlign>1</ImageAlign>
          <ColumnSpan>1</ColumnSpan>
          <RowSpan>1</RowSpan>
        </Cell>
        <Cell>
          <Text>Cell 3:2</Text>
          <HyperLink />
          <ToolTip />
          <TextFormat>
            <Alignment>0</Alignment>
            <Flags>0</Flags>
            <LineAlignment>1</LineAlignment>
            <Trimming>1</Trimming>
          </TextFormat>
          <ImageUrl />
          <ImageAlign>1</ImageAlign>
          <ColumnSpan>1</ColumnSpan>
          <RowSpan>1</RowSpan>
        </Cell>
        <Cell>
          <Text>Cell 4:1</Text>
          <HyperLink />
          <ToolTip />
          <TextFormat>
            <Alignment>0</Alignment>
            <Flags>0</Flags>
            <LineAlignment>1</LineAlignment>
            <Trimming>1</Trimming>
          </TextFormat>
          <ImageUrl />
          <ImageAlign>1</ImageAlign>
          <ColumnSpan>1</ColumnSpan>
          <RowSpan>1</RowSpan>
        </Cell>
        <Cell>
          <Text>Cell 4:2</Text>
          <HyperLink />
          <ToolTip />
          <TextFormat>
            <Alignment>0</Alignment>
            <Flags>0</Flags>
            <LineAlignment>1</LineAlignment>
            <Trimming>1</Trimming>
          </TextFormat>
          <ImageUrl />
          <ImageAlign>1</ImageAlign>
          <ColumnSpan>1</ColumnSpan>
          <RowSpan>1</RowSpan>
        </Cell>
      </Cells>
      <Rows>
        <Row>
          <Height>6</Height>
          <Header>False</Header>
          <Expanded>True</Expanded>
        </Row>
        <Row>
          <Height>6</Height>
          <Header>False</Header>
          <Expanded>True</Expanded>
        </Row>
        <Row>
          <Height>6</Height>
          <Header>False</Header>
          <Expanded>True</Expanded>
        </Row>
        <Row>
          <Height>6</Height>
          <Header>False</Header>
          <Expanded>True</Expanded>
        </Row>
      </Rows>
      <Columns>
        <Column>
          <Width>18</Width>
          <ColumnStyle>0</ColumnStyle>
        </Column>
        <Column>
          <Width>18</Width>
          <ColumnStyle>0</ColumnStyle>
        </Column>
      </Columns>
      <HandlesStyle>2</HandlesStyle>
      <CaptionHeight>5</CaptionHeight>
      <EnableStyledText>False</EnableStyledText>
      <ConnectionStyle>1</ConnectionStyle>
      <ImageAlign>1</ImageAlign>
      <Shape>0</Shape>
      <CustomDraw>0</CustomDraw>
      <CellFrameStyle>1</CellFrameStyle>
      <CellCustomDraw>0</CellCustomDraw>
      <RowHeight>6</RowHeight>
      <ColumnWidth>18</ColumnWidth>
      <CurrentScrollRow>0</CurrentScrollRow>
      <Scrollable>False</Scrollable>
      <OffsetHeaderRows>False</OffsetHeaderRows>
      <HighlightedRow>-1</HighlightedRow>
      <AllowResizeColumns>False</AllowResizeColumns>
      <AllowResizeRows>False</AllowResizeRows>
    </Node>
    <Node Class="std:ContainerNode" Id="2" Version="3">
      <Bounds>114, 6, 78, 61</Bounds>
      <ZIndex>0</ZIndex>
      <LayerIndex>-1</LayerIndex>
      <HyperLink />
      <ToolTip />
      <Locked>False</Locked>
      <Visible>True</Visible>
      <Printable>True</Printable>
      <ShadowOffsetX>1</ShadowOffsetX>
      <ShadowOffsetY>1</ShadowOffsetY>
      <SubordinateGroup>
        <MainItem Id="2" ClassId="std:ContainerNode" Version="3" />
        <Attachments>
          <Attachment>
            <Item Id="4" ClassId="std:TableNode" Version="1" />
            <Type>0</Type>
            <Data>0</Data>
            <Percents>0, 0, 0, 0</Percents>
            <Traits>
              <Pair IsTraits="1">
                <Key>std:ContainmentKeys:InContainer</Key>
                <Value Type="2">True</Value>
              </Pair>
            </Traits>
          </Attachment>
        </Attachments>
        <Visible>True</Visible>
        <AutoDeleteItems>False</AutoDeleteItems>
        <Expandable>False</Expandable>
        <FollowMasterRotation>2</FollowMasterRotation>
        <PrevRect>114, 6, 78, 61</PrevRect>
        <FollowMasterContainment>False</FollowMasterContainment>
      </SubordinateGroup>
      <Weight>1</Weight>
      <IgnoreLayout>False</IgnoreLayout>
      <Text>Container</Text>
      <TextFormat>
        <Alignment>1</Alignment>
        <Flags>0</Flags>
        <LineAlignment>1</LineAlignment>
        <Trimming>1</Trimming>
      </TextFormat>
      <TextPadding>0, 0, 0, 0</TextPadding>
      <Obstacle>True</Obstacle>
      <AllowIncomingLinks>True</AllowIncomingLinks>
      <AllowOutgoingLinks>True</AllowOutgoingLinks>
      <EnabledHandles>256</EnabledHandles>
      <Expanded>True</Expanded>
      <Expandable>False</Expandable>
      <RotationAngle>0</RotationAngle>
      <Effects />
      <HandlesStyle>7</HandlesStyle>
      <HighlightPen>
        <Color>#FF87CEFA</Color>
        <DashOffset>0</DashOffset>
        <DashStyle>0</DashStyle>
        <LineJoint>0</LineJoint>
        <MiterLimit>10</MiterLimit>
        <Width>0.5</Width>
      </HighlightPen>
      <Margin>10</Margin>
      <MinimumSize>50, 40</MinimumSize>
      <CaptionHeight>5</CaptionHeight>
      <Folded>False</Folded>
      <Foldable>True</Foldable>
      <AutoShrink>False</AutoShrink>
      <AutoGrow>True</AutoGrow>
      <UnfoldedSize>0, 0</UnfoldedSize>
      <FoldedSize>0, 0</FoldedSize>
      <Shape>0</Shape>
      <AllowAddChildren>True</AllowAddChildren>
      <AllowRemoveChildren>True</AllowRemoveChildren>
      <ClipChildren>True</ClipChildren>
    </Node>
    <Node Class="std:ContainerNode" Id="3" Version="3">
      <Bounds>126, 58, 96, 81</Bounds>
      <ZIndex>0</ZIndex>
      <LayerIndex>-1</LayerIndex>
      <HyperLink />
      <ToolTip />
      <Locked>False</Locked>
      <Visible>True</Visible>
      <Printable>True</Printable>
      <ShadowOffsetX>1</ShadowOffsetX>
      <ShadowOffsetY>1</ShadowOffsetY>
      <SubordinateGroup>
        <MainItem Id="3" ClassId="std:ContainerNode" Version="3" />
        <Attachments>
          <Attachment>
            <Item Id="5" ClassId="std:ShapeNode" Version="1" />
            <Type>0</Type>
            <Data>0</Data>
            <Percents>0, 0, 0, 0</Percents>
            <Traits>
              <Pair IsTraits="1">
                <Key>std:ContainmentKeys:InContainer</Key>
                <Value Type="2">True</Value>
              </Pair>
            </Traits>
          </Attachment>
          <Attachment>
            <Item Id="6" ClassId="std:ShapeNode" Version="1" />
            <Type>0</Type>
            <Data>0</Data>
            <Percents>0, 0, 0, 0</Percents>
            <Traits>
              <Pair IsTraits="1">
                <Key>std:ContainmentKeys:InContainer</Key>
                <Value Type="2">True</Value>
              </Pair>
            </Traits>
          </Attachment>
          <Attachment>
            <Item Id="7" ClassId="std:ShapeNode" Version="1" />
            <Type>0</Type>
            <Data>0</Data>
            <Percents>0, 0, 0, 0</Percents>
            <Traits>
              <Pair IsTraits="1">
                <Key>std:ContainmentKeys:InContainer</Key>
                <Value Type="2">True</Value>
              </Pair>
            </Traits>
          </Attachment>
          <Attachment>
            <Item Id="8" ClassId="std:ShapeNode" Version="1" />
            <Type>0</Type>
            <Data>0</Data>
            <Percents>0, 0, 0, 0</Percents>
            <Traits>
              <Pair IsTraits="1">
                <Key>std:ContainmentKeys:InContainer</Key>
                <Value Type="2">True</Value>
              </Pair>
            </Traits>
          </Attachment>
          <Attachment>
            <Item Id="9" ClassId="std:ShapeNode" Version="1" />
            <Type>0</Type>
            <Data>0</Data>
            <Percents>0, 0, 0, 0</Percents>
            <Traits>
              <Pair IsTraits="1">
                <Key>std:ContainmentKeys:InContainer</Key>
                <Value Type="2">True</Value>
              </Pair>
            </Traits>
          </Attachment>
          <Attachment>
            <Item Id="10" ClassId="std:ShapeNode" Version="1" />
            <Type>0</Type>
            <Data>0</Data>
            <Percents>0, 0, 0, 0</Percents>
            <Traits>
              <Pair IsTraits="1">
                <Key>std:ContainmentKeys:InContainer</Key>
                <Value Type="2">True</Value>
              </Pair>
            </Traits>
          </Attachment>
          <Attachment>
            <Item Id="11" ClassId="std:ShapeNode" Version="1" />
            <Type>0</Type>
            <Data>0</Data>
            <Percents>0, 0, 0, 0</Percents>
            <Traits>
              <Pair IsTraits="1">
                <Key>std:ContainmentKeys:InContainer</Key>
                <Value Type="2">True</Value>
              </Pair>
            </Traits>
          </Attachment>
          <Attachment>
            <Item Id="12" ClassId="std:ShapeNode" Version="1" />
            <Type>0</Type>
            <Data>0</Data>
            <Percents>0, 0, 0, 0</Percents>
            <Traits>
              <Pair IsTraits="1">
                <Key>std:ContainmentKeys:InContainer</Key>
                <Value Type="2">True</Value>
              </Pair>
            </Traits>
          </Attachment>
          <Attachment>
            <Item Id="13" ClassId="std:ShapeNode" Version="1" />
            <Type>0</Type>
            <Data>0</Data>
            <Percents>0, 0, 0, 0</Percents>
            <Traits>
              <Pair IsTraits="1">
                <Key>std:ContainmentKeys:InContainer</Key>
                <Value Type="2">True</Value>
              </Pair>
            </Traits>
          </Attachment>
          <Attachment>
            <Item Id="14" ClassId="std:ShapeNode" Version="1" />
            <Type>0</Type>
            <Data>0</Data>
            <Percents>0, 0, 0, 0</Percents>
            <Traits>
              <Pair IsTraits="1">
                <Key>std:ContainmentKeys:InContainer</Key>
                <Value Type="2">True</Value>
              </Pair>
            </Traits>
          </Attachment>
          <Attachment>
            <Item Id="15" ClassId="std:ShapeNode" Version="1" />
            <Type>0</Type>
            <Data>0</Data>
            <Percents>0, 0, 0, 0</Percents>
            <Traits>
              <Pair IsTraits="1">
                <Key>std:ContainmentKeys:InContainer</Key>
                <Value Type="2">True</Value>
              </Pair>
            </Traits>
          </Attachment>
          <Attachment>
            <Item Id="16" ClassId="std:ShapeNode" Version="1" />
            <Type>0</Type>
            <Data>0</Data>
            <Percents>0, 0, 0, 0</Percents>
            <Traits>
              <Pair IsTraits="1">
                <Key>std:ContainmentKeys:InContainer</Key>
                <Value Type="2">True</Value>
              </Pair>
            </Traits>
          </Attachment>
        </Attachments>
        <Visible>True</Visible>
        <AutoDeleteItems>False</AutoDeleteItems>
        <Expandable>False</Expandable>
        <FollowMasterRotation>2</FollowMasterRotation>
        <PrevRect>126, 58, 96, 81</PrevRect>
        <FollowMasterContainment>False</FollowMasterContainment>
      </SubordinateGroup>
      <Weight>1</Weight>
      <IgnoreLayout>False</IgnoreLayout>
      <Text>Container with shapes</Text>
      <TextFormat>
        <Alignment>1</Alignment>
        <Flags>0</Flags>
        <LineAlignment>1</LineAlignment>
        <Trimming>1</Trimming>
      </TextFormat>
      <TextPadding>0, 0, 0, 0</TextPadding>
      <Obstacle>True</Obstacle>
      <AllowIncomingLinks>True</AllowIncomingLinks>
      <AllowOutgoingLinks>True</AllowOutgoingLinks>
      <EnabledHandles>256</EnabledHandles>
      <Expanded>True</Expanded>
      <Expandable>False</Expandable>
      <RotationAngle>0</RotationAngle>
      <Effects />
      <HandlesStyle>7</HandlesStyle>
      <HighlightPen>
        <Color>#FF87CEFA</Color>
        <DashOffset>0</DashOffset>
        <DashStyle>0</DashStyle>
        <LineJoint>0</LineJoint>
        <MiterLimit>10</MiterLimit>
        <Width>0.5</Width>
      </HighlightPen>
      <Margin>10</Margin>
      <MinimumSize>50, 40</MinimumSize>
      <CaptionHeight>5</CaptionHeight>
      <Folded>False</Folded>
      <Foldable>True</Foldable>
      <AutoShrink>False</AutoShrink>
      <AutoGrow>True</AutoGrow>
      <UnfoldedSize>0, 0</UnfoldedSize>
      <FoldedSize>0, 0</FoldedSize>
      <Shape>0</Shape>
      <AllowAddChildren>True</AllowAddChildren>
      <AllowRemoveChildren>True</AllowRemoveChildren>
      <ClipChildren>True</ClipChildren>
    </Node>
    <Node Class="std:TableNode" Id="4" Version="1">
      <Bounds>124, 21, 36, 32</Bounds>
      <ZIndex>0</ZIndex>
      <LayerIndex>-1</LayerIndex>
      <HyperLink />
      <ToolTip />
      <Locked>False</Locked>
      <Visible>True</Visible>
      <Printable>True</Printable>
      <ShadowOffsetX>1</ShadowOffsetX>
      <ShadowOffsetY>1</ShadowOffsetY>
      <Weight>1</Weight>
      <IgnoreLayout>False</IgnoreLayout>
      <Text>Table</Text>
      <TextFormat>
        <Alignment>1</Alignment>
        <Flags>0</Flags>
        <LineAlignment>1</LineAlignment>
        <Trimming>1</Trimming>
      </TextFormat>
      <TextPadding>0, 0, 0, 0</TextPadding>
      <Obstacle>True</Obstacle>
      <AllowIncomingLinks>True</AllowIncomingLinks>
      <AllowOutgoingLinks>True</AllowOutgoingLinks>
      <EnabledHandles>511</EnabledHandles>
      <Expanded>True</Expanded>
      <Expandable>False</Expandable>
      <RotationAngle>0</RotationAngle>
      <Effects />
      <Cells>
        <Cell>
          <Text>1</Text>
          <HyperLink />
          <ToolTip />
          <TextFormat>
            <Alignment>0</Alignment>
            <Flags>0</Flags>
            <LineAlignment>1</LineAlignment>
            <Trimming>1</Trimming>
          </TextFormat>
          <ImageUrl />
          <ImageAlign>1</ImageAlign>
          <ColumnSpan>1</ColumnSpan>
          <RowSpan>1</RowSpan>
        </Cell>
        <Cell>
          <Text>2</Text>
          <HyperLink />
          <ToolTip />
          <TextFormat>
            <Alignment>0</Alignment>
            <Flags>0</Flags>
            <LineAlignment>1</LineAlignment>
            <Trimming>1</Trimming>
          </TextFormat>
          <ImageUrl />
          <ImageAlign>1</ImageAlign>
          <ColumnSpan>1</ColumnSpan>
          <RowSpan>1</RowSpan>
        </Cell>
        <Cell>
          <Text>3</Text>
          <HyperLink />
          <ToolTip />
          <TextFormat>
            <Alignment>0</Alignment>
            <Flags>0</Flags>
            <LineAlignment>1</LineAlignment>
            <Trimming>1</Trimming>
          </TextFormat>
          <ImageUrl />
          <ImageAlign>1</ImageAlign>
          <ColumnSpan>1</ColumnSpan>
          <RowSpan>1</RowSpan>
        </Cell>
        <Cell>
          <Text>4</Text>
          <HyperLink />
          <ToolTip />
          <TextFormat>
            <Alignment>0</Alignment>
            <Flags>0</Flags>
            <LineAlignment>1</LineAlignment>
            <Trimming>1</Trimming>
          </TextFormat>
          <ImageUrl />
          <ImageAlign>1</ImageAlign>
          <ColumnSpan>1</ColumnSpan>
          <RowSpan>1</RowSpan>
        </Cell>
        <Cell>
          <Text>5</Text>
          <HyperLink />
          <ToolTip />
          <TextFormat>
            <Alignment>0</Alignment>
            <Flags>0</Flags>
            <LineAlignment>1</LineAlignment>
            <Trimming>1</Trimming>
          </TextFormat>
          <ImageUrl />
          <ImageAlign>1</ImageAlign>
          <ColumnSpan>1</ColumnSpan>
          <RowSpan>1</RowSpan>
        </Cell>
        <Cell>
          <Text>6</Text>
          <HyperLink />
          <ToolTip />
          <TextFormat>
            <Alignment>0</Alignment>
            <Flags>0</Flags>
            <LineAlignment>1</LineAlignment>
            <Trimming>1</Trimming>
          </TextFormat>
          <ImageUrl />
          <ImageAlign>1</ImageAlign>
          <ColumnSpan>1</ColumnSpan>
          <RowSpan>1</RowSpan>
        </Cell>
        <Cell>
          <Text>7</Text>
          <HyperLink />
          <ToolTip />
          <TextFormat>
            <Alignment>0</Alignment>
            <Flags>0</Flags>
            <LineAlignment>1</LineAlignment>
            <Trimming>1</Trimming>
          </TextFormat>
          <ImageUrl />
          <ImageAlign>1</ImageAlign>
          <ColumnSpan>1</ColumnSpan>
          <RowSpan>1</RowSpan>
        </Cell>
        <Cell>
          <Text>8</Text>
          <HyperLink />
          <ToolTip />
          <TextFormat>
            <Alignment>0</Alignment>
            <Flags>0</Flags>
            <LineAlignment>1</LineAlignment>
            <Trimming>1</Trimming>
          </TextFormat>
          <ImageUrl />
          <ImageAlign>1</ImageAlign>
          <ColumnSpan>1</ColumnSpan>
          <RowSpan>1</RowSpan>
        </Cell>
      </Cells>
      <Rows>
        <Row>
          <Height>6</Height>
          <Header>False</Header>
          <Expanded>True</Expanded>
        </Row>
        <Row>
          <Height>6</Height>
          <Header>False</Header>
          <Expanded>True</Expanded>
        </Row>
        <Row>
          <Height>6</Height>
          <Header>False</Header>
          <Expanded>True</Expanded>
        </Row>
        <Row>
          <Height>6</Height>
          <Header>False</Header>
          <Expanded>True</Expanded>
        </Row>
      </Rows>
      <Columns>
        <Column>
          <Width>18</Width>
          <ColumnStyle>0</ColumnStyle>
        </Column>
        <Column>
          <Width>18</Width>
          <ColumnStyle>0</ColumnStyle>
        </Column>
      </Columns>
      <HandlesStyle>2</HandlesStyle>
      <CaptionHeight>5</CaptionHeight>
      <EnableStyledText>False</EnableStyledText>
      <ConnectionStyle>1</ConnectionStyle>
      <ImageAlign>1</ImageAlign>
      <Shape>0</Shape>
      <CustomDraw>0</CustomDraw>
      <CellFrameStyle>2</CellFrameStyle>
      <CellCustomDraw>0</CellCustomDraw>
      <RowHeight>6</RowHeight>
      <ColumnWidth>18</ColumnWidth>
      <CurrentScrollRow>0</CurrentScrollRow>
      <Scrollable>False</Scrollable>
      <OffsetHeaderRows>False</OffsetHeaderRows>
      <HighlightedRow>-1</HighlightedRow>
      <AllowResizeColumns>False</AllowResizeColumns>
      <AllowResizeRows>False</AllowResizeRows>
    </Node>
    <Node Class="std:ShapeNode" Id="5" Version="1">
      <Bounds>136, 73, 16, 16</Bounds>
      <ZIndex>0</ZIndex>
      <LayerIndex>-1</LayerIndex>
      <HyperLink />
      <ToolTip />
      <Locked>False</Locked>
      <Visible>True</Visible>
      <Printable>True</Printable>
      <ShadowOffsetX>1</ShadowOffsetX>
      <ShadowOffsetY>1</ShadowOffsetY>
      <Weight>1</Weight>
      <IgnoreLayout>False</IgnoreLayout>
      <Text />
      <TextFormat>
        <Alignment>1</Alignment>
        <Flags>0</Flags>
        <LineAlignment>1</LineAlignment>
        <Trimming>1</Trimming>
      </TextFormat>
      <TextPadding>0, 0, 0, 0</TextPadding>
      <Obstacle>True</Obstacle>
      <AllowIncomingLinks>True</AllowIncomingLinks>
      <AllowOutgoingLinks>True</AllowOutgoingLinks>
      <EnabledHandles>511</EnabledHandles>
      <Expanded>True</Expanded>
      <Expandable>False</Expandable>
      <RotationAngle>0</RotationAngle>
      <Effects />
      <HandlesStyle>1</HandlesStyle>
      <Shape Id="MicroformRecording" />
      <ShapeOrientation>0</ShapeOrientation>
      <PolygonalTextLayout>False</PolygonalTextLayout>
      <EnableStyledText>False</EnableStyledText>
      <ImageUrl />
      <ImageAlign>1</ImageAlign>
      <RotateImage>True</RotateImage>
      <RotateText>False</RotateText>
      <Transparent>False</Transparent>
      <CustomDraw>0</CustomDraw>
      <AllowFlip>False</AllowFlip>
      <FlipX>False</FlipX>
      <FlipY>False</FlipY>
    </Node>
    <Node Class="std:ShapeNode" Id="6" Version="1">
      <Bounds>156, 73, 16, 16</Bounds>
      <ZIndex>0</ZIndex>
      <LayerIndex>-1</LayerIndex>
      <HyperLink />
      <ToolTip />
      <Locked>False</Locked>
      <Visible>True</Visible>
      <Printable>True</Printable>
      <ShadowOffsetX>1</ShadowOffsetX>
      <ShadowOffsetY>1</ShadowOffsetY>
      <Weight>1</Weight>
      <IgnoreLayout>False</IgnoreLayout>
      <Text />
      <TextFormat>
        <Alignment>1</Alignment>
        <Flags>0</Flags>
        <LineAlignment>1</LineAlignment>
        <Trimming>1</Trimming>
      </TextFormat>
      <TextPadding>0, 0, 0, 0</TextPadding>
      <Obstacle>True</Obstacle>
      <AllowIncomingLinks>True</AllowIncomingLinks>
      <AllowOutgoingLinks>True</AllowOutgoingLinks>
      <EnabledHandles>511</EnabledHandles>
      <Expanded>True</Expanded>
      <Expandable>False</Expandable>
      <RotationAngle>0</RotationAngle>
      <Effects />
      <HandlesStyle>1</HandlesStyle>
      <Shape Id="BpmnEndCompensation" />
      <ShapeOrientation>0</ShapeOrientation>
      <PolygonalTextLayout>False</PolygonalTextLayout>
      <EnableStyledText>False</EnableStyledText>
      <ImageUrl />
      <ImageAlign>1</ImageAlign>
      <RotateImage>True</RotateImage>
      <RotateText>False</RotateText>
      <Transparent>False</Transparent>
      <CustomDraw>0</CustomDraw>
      <AllowFlip>False</AllowFlip>
      <FlipX>False</FlipX>
      <FlipY>False</FlipY>
    </Node>
    <Node Class="std:ShapeNode" Id="7" Version="1">
      <Bounds>136, 93, 16, 16</Bounds>
      <ZIndex>0</ZIndex>
      <LayerIndex>-1</LayerIndex>
      <HyperLink />
      <ToolTip />
      <Locked>False</Locked>
      <Visible>True</Visible>
      <Printable>True</Printable>
      <ShadowOffsetX>1</ShadowOffsetX>
      <ShadowOffsetY>1</ShadowOffsetY>
      <Weight>1</Weight>
      <IgnoreLayout>False</IgnoreLayout>
      <Text />
      <TextFormat>
        <Alignment>1</Alignment>
        <Flags>0</Flags>
        <LineAlignment>1</LineAlignment>
        <Trimming>1</Trimming>
      </TextFormat>
      <TextPadding>0, 0, 0, 0</TextPadding>
      <Obstacle>True</Obstacle>
      <AllowIncomingLinks>True</AllowIncomingLinks>
      <AllowOutgoingLinks>True</AllowOutgoingLinks>
      <EnabledHandles>511</EnabledHandles>
      <Expanded>True</Expanded>
      <Expandable>False</Expandable>
      <RotationAngle>0</RotationAngle>
      <Effects />
      <HandlesStyle>1</HandlesStyle>
      <Shape Id="Arrow9" />
      <ShapeOrientation>0</ShapeOrientation>
      <PolygonalTextLayout>False</PolygonalTextLayout>
      <EnableStyledText>False</EnableStyledText>
      <ImageUrl />
      <ImageAlign>1</ImageAlign>
      <RotateImage>True</RotateImage>
      <RotateText>False</RotateText>
      <Transparent>False</Transparent>
      <CustomDraw>0</CustomDraw>
      <AllowFlip>False</AllowFlip>
      <FlipX>False</FlipX>
      <FlipY>False</FlipY>
    </Node>
    <Node Class="std:ShapeNode" Id="8" Version="1">
      <Bounds>156, 93, 16, 16</Bounds>
      <ZIndex>0</ZIndex>
      <LayerIndex>-1</LayerIndex>
      <HyperLink />
      <ToolTip />
      <Locked>False</Locked>
      <Visible>True</Visible>
      <Printable>True</Printable>
      <ShadowOffsetX>1</ShadowOffsetX>
      <ShadowOffsetY>1</ShadowOffsetY>
      <Weight>1</Weight>
      <IgnoreLayout>False</IgnoreLayout>
      <Text />
      <TextFormat>
        <Alignment>1</Alignment>
        <Flags>0</Flags>
        <LineAlignment>1</LineAlignment>
        <Trimming>1</Trimming>
      </TextFormat>
      <TextPadding>0, 0, 0, 0</TextPadding>
      <Obstacle>True</Obstacle>
      <AllowIncomingLinks>True</AllowIncomingLinks>
      <AllowOutgoingLinks>True</AllowOutgoingLinks>
      <EnabledHandles>511</EnabledHandles>
      <Expanded>True</Expanded>
      <Expandable>False</Expandable>
      <RotationAngle>0</RotationAngle>
      <Effects />
      <HandlesStyle>1</HandlesStyle>
      <Shape Id="ConnectedIssues" />
      <ShapeOrientation>0</ShapeOrientation>
      <PolygonalTextLayout>False</PolygonalTextLayout>
      <EnableStyledText>False</EnableStyledText>
      <ImageUrl />
      <ImageAlign>1</ImageAlign>
      <RotateImage>True</RotateImage>
      <RotateText>False</RotateText>
      <Transparent>False</Transparent>
      <CustomDraw>0</CustomDraw>
      <AllowFlip>False</AllowFlip>
      <FlipX>False</FlipX>
      <FlipY>False</FlipY>
    </Node>
    <Node Class="std:ShapeNode" Id="9" Version="1">
      <Bounds>176, 73, 16, 16</Bounds>
      <ZIndex>0</ZIndex>
      <LayerIndex>-1</LayerIndex>
      <HyperLink />
      <ToolTip />
      <Locked>False</Locked>
      <Visible>True</Visible>
      <Printable>True</Printable>
      <ShadowOffsetX>1</ShadowOffsetX>
      <ShadowOffsetY>1</ShadowOffsetY>
      <Weight>1</Weight>
      <IgnoreLayout>False</IgnoreLayout>
      <Text />
      <TextFormat>
        <Alignment>1</Alignment>
        <Flags>0</Flags>
        <LineAlignment>1</LineAlignment>
        <Trimming>1</Trimming>
      </TextFormat>
      <TextPadding>0, 0, 0, 0</TextPadding>
      <Obstacle>True</Obstacle>
      <AllowIncomingLinks>True</AllowIncomingLinks>
      <AllowOutgoingLinks>True</AllowOutgoingLinks>
      <EnabledHandles>511</EnabledHandles>
      <Expanded>True</Expanded>
      <Expandable>False</Expandable>
      <RotationAngle>0</RotationAngle>
      <Effects />
      <HandlesStyle>1</HandlesStyle>
      <Shape Id="DividedEvent" />
      <ShapeOrientation>0</ShapeOrientation>
      <PolygonalTextLayout>False</PolygonalTextLayout>
      <EnableStyledText>False</EnableStyledText>
      <ImageUrl />
      <ImageAlign>1</ImageAlign>
      <RotateImage>True</RotateImage>
      <RotateText>False</RotateText>
      <Transparent>False</Transparent>
      <CustomDraw>0</CustomDraw>
      <AllowFlip>False</AllowFlip>
      <FlipX>False</FlipX>
      <FlipY>False</FlipY>
    </Node>
    <Node Class="std:ShapeNode" Id="10" Version="1">
      <Bounds>176, 93, 16, 16</Bounds>
      <ZIndex>0</ZIndex>
      <LayerIndex>-1</LayerIndex>
      <HyperLink />
      <ToolTip />
      <Locked>False</Locked>
      <Visible>True</Visible>
      <Printable>True</Printable>
      <ShadowOffsetX>1</ShadowOffsetX>
      <ShadowOffsetY>1</ShadowOffsetY>
      <Weight>1</Weight>
      <IgnoreLayout>False</IgnoreLayout>
      <Text />
      <TextFormat>
        <Alignment>1</Alignment>
        <Flags>0</Flags>
        <LineAlignment>1</LineAlignment>
        <Trimming>1</Trimming>
      </TextFormat>
      <TextPadding>0, 0, 0, 0</TextPadding>
      <Obstacle>True</Obstacle>
      <AllowIncomingLinks>True</AllowIncomingLinks>
      <AllowOutgoingLinks>True</AllowOutgoingLinks>
      <EnabledHandles>511</EnabledHandles>
      <Expanded>True</Expanded>
      <Expandable>False</Expandable>
      <RotationAngle>0</RotationAngle>
      <Effects />
      <HandlesStyle>1</HandlesStyle>
      <Shape Id="Triangle" />
      <ShapeOrientation>0</ShapeOrientation>
      <PolygonalTextLayout>False</PolygonalTextLayout>
      <EnableStyledText>False</EnableStyledText>
      <ImageUrl />
      <ImageAlign>1</ImageAlign>
      <RotateImage>True</RotateImage>
      <RotateText>False</RotateText>
      <Transparent>False</Transparent>
      <CustomDraw>0</CustomDraw>
      <AllowFlip>False</AllowFlip>
      <FlipX>False</FlipX>
      <FlipY>False</FlipY>
    </Node>
    <Node Class="std:ShapeNode" Id="11" Version="1">
      <Bounds>136, 113, 16, 16</Bounds>
      <ZIndex>0</ZIndex>
      <LayerIndex>-1</LayerIndex>
      <HyperLink />
      <ToolTip />
      <Locked>False</Locked>
      <Visible>True</Visible>
      <Printable>True</Printable>
      <ShadowOffsetX>1</ShadowOffsetX>
      <ShadowOffsetY>1</ShadowOffsetY>
      <Weight>1</Weight>
      <IgnoreLayout>False</IgnoreLayout>
      <Text />
      <TextFormat>
        <Alignment>1</Alignment>
        <Flags>0</Flags>
        <LineAlignment>1</LineAlignment>
        <Trimming>1</Trimming>
      </TextFormat>
      <TextPadding>0, 0, 0, 0</TextPadding>
      <Obstacle>True</Obstacle>
      <AllowIncomingLinks>True</AllowIncomingLinks>
      <AllowOutgoingLinks>True</AllowOutgoingLinks>
      <EnabledHandles>511</EnabledHandles>
      <Expanded>True</Expanded>
      <Expandable>False</Expandable>
      <RotationAngle>0</RotationAngle>
      <Effects />
      <HandlesStyle>1</HandlesStyle>
      <Shape Id="BpmnIntermediateTimer" />
      <ShapeOrientation>0</ShapeOrientation>
      <PolygonalTextLayout>False</PolygonalTextLayout>
      <EnableStyledText>False</EnableStyledText>
      <ImageUrl />
      <ImageAlign>1</ImageAlign>
      <RotateImage>True</RotateImage>
      <RotateText>False</RotateText>
      <Transparent>False</Transparent>
      <CustomDraw>0</CustomDraw>
      <AllowFlip>False</AllowFlip>
      <FlipX>False</FlipX>
      <FlipY>False</FlipY>
    </Node>
    <Node Class="std:ShapeNode" Id="12" Version="1">
      <Bounds>156, 113, 16, 16</Bounds>
      <ZIndex>0</ZIndex>
      <LayerIndex>-1</LayerIndex>
      <HyperLink />
      <ToolTip />
      <Locked>False</Locked>
      <Visible>True</Visible>
      <Printable>True</Printable>
      <ShadowOffsetX>1</ShadowOffsetX>
      <ShadowOffsetY>1</ShadowOffsetY>
      <Weight>1</Weight>
      <IgnoreLayout>False</IgnoreLayout>
      <Text />
      <TextFormat>
        <Alignment>1</Alignment>
        <Flags>0</Flags>
        <LineAlignment>1</LineAlignment>
        <Trimming>1</Trimming>
      </TextFormat>
      <TextPadding>0, 0, 0, 0</TextPadding>
      <Obstacle>True</Obstacle>
      <AllowIncomingLinks>True</AllowIncomingLinks>
      <AllowOutgoingLinks>True</AllowOutgoingLinks>
      <EnabledHandles>511</EnabledHandles>
      <Expanded>True</Expanded>
      <Expandable>False</Expandable>
      <RotationAngle>0</RotationAngle>
      <Effects />
      <HandlesStyle>1</HandlesStyle>
      <Shape Id="PointerArrow" />
      <ShapeOrientation>0</ShapeOrientation>
      <PolygonalTextLayout>False</PolygonalTextLayout>
      <EnableStyledText>False</EnableStyledText>
      <ImageUrl />
      <ImageAlign>1</ImageAlign>
      <RotateImage>True</RotateImage>
      <RotateText>False</RotateText>
      <Transparent>False</Transparent>
      <CustomDraw>0</CustomDraw>
      <AllowFlip>False</AllowFlip>
      <FlipX>False</FlipX>
      <FlipY>False</FlipY>
    </Node>
    <Node Class="std:ShapeNode" Id="13" Version="1">
      <Bounds>176, 113, 16, 16</Bounds>
      <ZIndex>0</ZIndex>
      <LayerIndex>-1</LayerIndex>
      <HyperLink />
      <ToolTip />
      <Locked>False</Locked>
      <Visible>True</Visible>
      <Printable>True</Printable>
      <ShadowOffsetX>1</ShadowOffsetX>
      <ShadowOffsetY>1</ShadowOffsetY>
      <Weight>1</Weight>
      <IgnoreLayout>False</IgnoreLayout>
      <Text />
      <TextFormat>
        <Alignment>1</Alignment>
        <Flags>0</Flags>
        <LineAlignment>1</LineAlignment>
        <Trimming>1</Trimming>
      </TextFormat>
      <TextPadding>0, 0, 0, 0</TextPadding>
      <Obstacle>True</Obstacle>
      <AllowIncomingLinks>True</AllowIncomingLinks>
      <AllowOutgoingLinks>True</AllowOutgoingLinks>
      <EnabledHandles>511</EnabledHandles>
      <Expanded>True</Expanded>
      <Expandable>False</Expandable>
      <RotationAngle>0</RotationAngle>
      <Effects />
      <HandlesStyle>1</HandlesStyle>
      <Shape Id="CreateRequest" />
      <ShapeOrientation>0</ShapeOrientation>
      <PolygonalTextLayout>False</PolygonalTextLayout>
      <EnableStyledText>False</EnableStyledText>
      <ImageUrl />
      <ImageAlign>1</ImageAlign>
      <RotateImage>True</RotateImage>
      <RotateText>False</RotateText>
      <Transparent>False</Transparent>
      <CustomDraw>0</CustomDraw>
      <AllowFlip>False</AllowFlip>
      <FlipX>False</FlipX>
      <FlipY>False</FlipY>
    </Node>
    <Node Class="std:ShapeNode" Id="14" Version="1">
      <Bounds>196, 73, 16, 16</Bounds>
      <ZIndex>0</ZIndex>
      <LayerIndex>-1</LayerIndex>
      <HyperLink />
      <ToolTip />
      <Locked>False</Locked>
      <Visible>True</Visible>
      <Printable>True</Printable>
      <ShadowOffsetX>1</ShadowOffsetX>
      <ShadowOffsetY>1</ShadowOffsetY>
      <Weight>1</Weight>
      <IgnoreLayout>False</IgnoreLayout>
      <Text />
      <TextFormat>
        <Alignment>1</Alignment>
        <Flags>0</Flags>
        <LineAlignment>1</LineAlignment>
        <Trimming>1</Trimming>
      </TextFormat>
      <TextPadding>0, 0, 0, 0</TextPadding>
      <Obstacle>True</Obstacle>
      <AllowIncomingLinks>True</AllowIncomingLinks>
      <AllowOutgoingLinks>True</AllowOutgoingLinks>
      <EnabledHandles>511</EnabledHandles>
      <Expanded>True</Expanded>
      <Expandable>False</Expandable>
      <RotationAngle>0</RotationAngle>
      <Effects />
      <HandlesStyle>1</HandlesStyle>
      <Shape Id="Input" />
      <ShapeOrientation>0</ShapeOrientation>
      <PolygonalTextLayout>False</PolygonalTextLayout>
      <EnableStyledText>False</EnableStyledText>
      <ImageUrl />
      <ImageAlign>1</ImageAlign>
      <RotateImage>True</RotateImage>
      <RotateText>False</RotateText>
      <Transparent>False</Transparent>
      <CustomDraw>0</CustomDraw>
      <AllowFlip>False</AllowFlip>
      <FlipX>False</FlipX>
      <FlipY>False</FlipY>
    </Node>
    <Node Class="std:ShapeNode" Id="15" Version="1">
      <Bounds>196, 93, 16, 16</Bounds>
      <ZIndex>0</ZIndex>
      <LayerIndex>-1</LayerIndex>
      <HyperLink />
      <ToolTip />
      <Locked>False</Locked>
      <Visible>True</Visible>
      <Printable>True</Printable>
      <ShadowOffsetX>1</ShadowOffsetX>
      <ShadowOffsetY>1</ShadowOffsetY>
      <Weight>1</Weight>
      <IgnoreLayout>False</IgnoreLayout>
      <Text />
      <TextFormat>
        <Alignment>1</Alignment>
        <Flags>0</Flags>
        <LineAlignment>1</LineAlignment>
        <Trimming>1</Trimming>
      </TextFormat>
      <TextPadding>0, 0, 0, 0</TextPadding>
      <Obstacle>True</Obstacle>
      <AllowIncomingLinks>True</AllowIncomingLinks>
      <AllowOutgoingLinks>True</AllowOutgoingLinks>
      <EnabledHandles>511</EnabledHandles>
      <Expanded>True</Expanded>
      <Expandable>False</Expandable>
      <RotationAngle>0</RotationAngle>
      <Effects />
      <HandlesStyle>1</HandlesStyle>
      <Shape Id="Actor" />
      <ShapeOrientation>0</ShapeOrientation>
      <PolygonalTextLayout>False</PolygonalTextLayout>
      <EnableStyledText>False</EnableStyledText>
      <ImageUrl />
      <ImageAlign>1</ImageAlign>
      <RotateImage>True</RotateImage>
      <RotateText>False</RotateText>
      <Transparent>False</Transparent>
      <CustomDraw>0</CustomDraw>
      <AllowFlip>False</AllowFlip>
      <FlipX>False</FlipX>
      <FlipY>False</FlipY>
    </Node>
    <Node Class="std:ShapeNode" Id="16" Version="1">
      <Bounds>196, 113, 16, 16</Bounds>
      <ZIndex>0</ZIndex>
      <LayerIndex>-1</LayerIndex>
      <HyperLink />
      <ToolTip />
      <Locked>False</Locked>
      <Visible>True</Visible>
      <Printable>True</Printable>
      <ShadowOffsetX>1</ShadowOffsetX>
      <ShadowOffsetY>1</ShadowOffsetY>
      <Weight>1</Weight>
      <IgnoreLayout>False</IgnoreLayout>
      <Text />
      <TextFormat>
        <Alignment>1</Alignment>
        <Flags>0</Flags>
        <LineAlignment>1</LineAlignment>
        <Trimming>1</Trimming>
      </TextFormat>
      <TextPadding>0, 0, 0, 0</TextPadding>
      <Obstacle>True</Obstacle>
      <AllowIncomingLinks>True</AllowIncomingLinks>
      <AllowOutgoingLinks>True</AllowOutgoingLinks>
      <EnabledHandles>511</EnabledHandles>
      <Expanded>True</Expanded>
      <Expandable>False</Expandable>
      <RotationAngle>0</RotationAngle>
      <Effects />
      <HandlesStyle>1</HandlesStyle>
      <Shape Id="Arrow7" />
      <ShapeOrientation>0</ShapeOrientation>
      <PolygonalTextLayout>False</PolygonalTextLayout>
      <EnableStyledText>False</EnableStyledText>
      <ImageUrl />
      <ImageAlign>1</ImageAlign>
      <RotateImage>True</RotateImage>
      <RotateText>False</RotateText>
      <Transparent>False</Transparent>
      <CustomDraw>0</CustomDraw>
      <AllowFlip>False</AllowFlip>
      <FlipX>False</FlipX>
      <FlipY>False</FlipY>
    </Node>
    <Node Class="std:ShapeNode" Id="17" Version="1">
      <Bounds>66, 102, 28, 20</Bounds>
      <ZIndex>0</ZIndex>
      <LayerIndex>-1</LayerIndex>
      <HyperLink />
      <ToolTip />
      <Locked>False</Locked>
      <Visible>True</Visible>
      <Printable>True</Printable>
      <ShadowOffsetX>1</ShadowOffsetX>
      <ShadowOffsetY>1</ShadowOffsetY>
      <Weight>1</Weight>
      <IgnoreLayout>False</IgnoreLayout>
      <Text>Delta</Text>
      <TextFormat>
        <Alignment>1</Alignment>
        <Flags>0</Flags>
        <LineAlignment>1</LineAlignment>
        <Trimming>1</Trimming>
      </TextFormat>
      <TextPadding>0, 0, 0, 0</TextPadding>
      <Obstacle>True</Obstacle>
      <AllowIncomingLinks>True</AllowIncomingLinks>
      <AllowOutgoingLinks>True</AllowOutgoingLinks>
      <EnabledHandles>511</EnabledHandles>
      <Expanded>True</Expanded>
      <Expandable>False</Expandable>
      <RotationAngle>0</RotationAngle>
      <Effects />
      <HandlesStyle>1</HandlesStyle>
      <Shape Id="DDelay" />
      <ShapeOrientation>0</ShapeOrientation>
      <PolygonalTextLayout>False</PolygonalTextLayout>
      <EnableStyledText>False</EnableStyledText>
      <ImageUrl />
      <ImageAlign>1</ImageAlign>
      <RotateImage>True</RotateImage>
      <RotateText>False</RotateText>
      <Transparent>False</Transparent>
      <CustomDraw>0</CustomDraw>
      <AllowFlip>False</AllowFlip>
      <FlipX>False</FlipX>
      <FlipY>False</FlipY>
    </Node>
    <Node Class="std:ShapeNode" Id="18" Version="1">
      <Bounds>14, 102, 28, 20</Bounds>
      <ZIndex>0</ZIndex>
      <LayerIndex>-1</LayerIndex>
      <HyperLink />
      <ToolTip />
      <Locked>False</Locked>
      <Visible>True</Visible>
      <Printable>True</Printable>
      <ShadowOffsetX>1</ShadowOffsetX>
      <ShadowOffsetY>1</ShadowOffsetY>
      <Weight>1</Weight>
      <IgnoreLayout>False</IgnoreLayout>
      <Text>Shape #2</Text>
      <TextFormat>
        <Alignment>1</Alignment>
        <Flags>0</Flags>
        <LineAlignment>1</LineAlignment>
        <Trimming>1</Trimming>
      </TextFormat>
      <TextPadding>0, 0, 0, 0</TextPadding>
      <Obstacle>True</Obstacle>
      <AllowIncomingLinks>True</AllowIncomingLinks>
      <AllowOutgoingLinks>True</AllowOutgoingLinks>
      <EnabledHandles>511</EnabledHandles>
      <Expanded>True</Expanded>
      <Expandable>False</Expandable>
      <RotationAngle>0</RotationAngle>
      <Effects />
      <HandlesStyle>1</HandlesStyle>
      <Shape Id="TransmittalTape" />
      <ShapeOrientation>0</ShapeOrientation>
      <PolygonalTextLayout>False</PolygonalTextLayout>
      <EnableStyledText>False</EnableStyledText>
      <ImageUrl />
      <ImageAlign>1</ImageAlign>
      <RotateImage>True</RotateImage>
      <RotateText>False</RotateText>
      <Transparent>False</Transparent>
      <CustomDraw>0</CustomDraw>
      <AllowFlip>False</AllowFlip>
      <FlipX>False</FlipX>
      <FlipY>False</FlipY>
    </Node>
    <Node Class="std:ShapeNode" Id="19" Version="1">
      <Bounds>66, 74, 28, 20</Bounds>
      <ZIndex>0</ZIndex>
      <LayerIndex>-1</LayerIndex>
      <HyperLink />
      <ToolTip />
      <Locked>False</Locked>
      <Visible>True</Visible>
      <Printable>True</Printable>
      <ShadowOffsetX>1</ShadowOffsetX>
      <ShadowOffsetY>1</ShadowOffsetY>
      <Weight>1</Weight>
      <IgnoreLayout>False</IgnoreLayout>
      <Text>Arrow</Text>
      <TextFormat>
        <Alignment>1</Alignment>
        <Flags>0</Flags>
        <LineAlignment>1</LineAlignment>
        <Trimming>1</Trimming>
      </TextFormat>
      <TextPadding>0, 0, 0, 0</TextPadding>
      <Obstacle>True</Obstacle>
      <AllowIncomingLinks>True</AllowIncomingLinks>
      <AllowOutgoingLinks>True</AllowOutgoingLinks>
      <EnabledHandles>511</EnabledHandles>
      <Expanded>True</Expanded>
      <Expandable>False</Expandable>
      <RotationAngle>0</RotationAngle>
      <Effects />
      <HandlesStyle>1</HandlesStyle>
      <Shape Id="Arrow4" />
      <ShapeOrientation>0</ShapeOrientation>
      <PolygonalTextLayout>False</PolygonalTextLayout>
      <EnableStyledText>False</EnableStyledText>
      <ImageUrl />
      <ImageAlign>1</ImageAlign>
      <RotateImage>True</RotateImage>
      <RotateText>False</RotateText>
      <Transparent>False</Transparent>
      <CustomDraw>0</CustomDraw>
      <AllowFlip>False</AllowFlip>
      <FlipX>False</FlipX>
      <FlipY>False</FlipY>
    </Node>
    <Node Class="std:ShapeNode" Id="20" Version="1">
      <Bounds>14, 74, 28, 20</Bounds>
      <ZIndex>0</ZIndex>
      <LayerIndex>-1</LayerIndex>
      <HyperLink />
      <ToolTip />
      <Locked>False</Locked>
      <Visible>True</Visible>
      <Printable>True</Printable>
      <ShadowOffsetX>1</ShadowOffsetX>
      <ShadowOffsetY>1</ShadowOffsetY>
      <Weight>1</Weight>
      <IgnoreLayout>False</IgnoreLayout>
      <Text>Cloud</Text>
      <TextFormat>
        <Alignment>1</Alignment>
        <Flags>0</Flags>
        <LineAlignment>1</LineAlignment>
        <Trimming>1</Trimming>
      </TextFormat>
      <TextPadding>0, 0, 0, 0</TextPadding>
      <Obstacle>True</Obstacle>
      <AllowIncomingLinks>True</AllowIncomingLinks>
      <AllowOutgoingLinks>True</AllowOutgoingLinks>
      <EnabledHandles>511</EnabledHandles>
      <Expanded>True</Expanded>
      <Expandable>False</Expandable>
      <RotationAngle>0</RotationAngle>
      <Effects />
      <HandlesStyle>1</HandlesStyle>
      <Shape Id="Cloud" />
      <ShapeOrientation>0</ShapeOrientation>
      <PolygonalTextLayout>False</PolygonalTextLayout>
      <EnableStyledText>False</EnableStyledText>
      <ImageUrl />
      <ImageAlign>1</ImageAlign>
      <RotateImage>True</RotateImage>
      <RotateText>False</RotateText>
      <Transparent>False</Transparent>
      <CustomDraw>0</CustomDraw>
      <AllowFlip>False</AllowFlip>
      <FlipX>False</FlipX>
      <FlipY>False</FlipY>
    </Node>
    <Node Class="std:ShapeNode" Id="21" Version="1">
      <Bounds>18, 134, 40, 32</Bounds>
      <ZIndex>0</ZIndex>
      <LayerIndex>-1</LayerIndex>
      <HyperLink />
      <ToolTip />
      <Locked>False</Locked>
      <Visible>True</Visible>
      <Printable>True</Printable>
      <ShadowOffsetX>1</ShadowOffsetX>
      <ShadowOffsetY>1</ShadowOffsetY>
      <Weight>1</Weight>
      <IgnoreLayout>False</IgnoreLayout>
      <Text>Overlapping nodes</Text>
      <TextFormat>
        <Alignment>1</Alignment>
        <Flags>0</Flags>
        <LineAlignment>1</LineAlignment>
        <Trimming>1</Trimming>
      </TextFormat>
      <TextPadding>0, 0, 0, 0</TextPadding>
      <Obstacle>True</Obstacle>
      <AllowIncomingLinks>True</AllowIncomingLinks>
      <AllowOutgoingLinks>True</AllowOutgoingLinks>
      <EnabledHandles>511</EnabledHandles>
      <Expanded>True</Expanded>
      <Expandable>False</Expandable>
      <RotationAngle>0</RotationAngle>
      <Effects />
      <HandlesStyle>1</HandlesStyle>
      <Shape Id="RoundRect" />
      <ShapeOrientation>0</ShapeOrientation>
      <PolygonalTextLayout>False</PolygonalTextLayout>
      <EnableStyledText>False</EnableStyledText>
      <ImageUrl />
      <ImageAlign>1</ImageAlign>
      <RotateImage>True</RotateImage>
      <RotateText>False</RotateText>
      <Transparent>False</Transparent>
      <CustomDraw>0</CustomDraw>
      <AllowFlip>False</AllowFlip>
      <FlipX>False</FlipX>
      <FlipY>False</FlipY>
    </Node>
    <Node Class="std:ShapeNode" Id="22" Version="1">
      <Bounds>34, 146, 44, 28</Bounds>
      <ZIndex>0</ZIndex>
      <LayerIndex>-1</LayerIndex>
      <HyperLink />
      <ToolTip />
      <Locked>False</Locked>
      <Visible>True</Visible>
      <Printable>True</Printable>
      <ShadowOffsetX>1</ShadowOffsetX>
      <ShadowOffsetY>1</ShadowOffsetY>
      <Weight>1</Weight>
      <IgnoreLayout>False</IgnoreLayout>
      <Text>Overlapping node with long text content</Text>
      <TextFormat>
        <Alignment>1</Alignment>
        <Flags>0</Flags>
        <LineAlignment>1</LineAlignment>
        <Trimming>1</Trimming>
      </TextFormat>
      <TextPadding>0, 0, 0, 0</TextPadding>
      <Obstacle>True</Obstacle>
      <AllowIncomingLinks>True</AllowIncomingLinks>
      <AllowOutgoingLinks>True</AllowOutgoingLinks>
      <EnabledHandles>511</EnabledHandles>
      <Expanded>True</Expanded>
      <Expandable>False</Expandable>
      <RotationAngle>0</RotationAngle>
      <Effects />
      <HandlesStyle>1</HandlesStyle>
      <Shape Id="RoundRect" />
      <ShapeOrientation>0</ShapeOrientation>
      <PolygonalTextLayout>False</PolygonalTextLayout>
      <EnableStyledText>False</EnableStyledText>
      <ImageUrl />
      <ImageAlign>1</ImageAlign>
      <RotateImage>True</RotateImage>
      <RotateText>False</RotateText>
      <Transparent>False</Transparent>
      <CustomDraw>0</CustomDraw>
      <AllowFlip>False</AllowFlip>
      <FlipX>False</FlipX>
      <FlipY>False</FlipY>
    </Node>
  </Nodes>
  <Links>
    <Link Class="std:DiagramLink" Id="23" Version="2">
      <Bounds>0, 0, 1, 1</Bounds>
      <ZIndex>0</ZIndex>
      <LayerIndex>-1</LayerIndex>
      <HyperLink />
      <ToolTip />
      <Locked>False</Locked>
      <Visible>True</Visible>
      <Printable>True</Printable>
      <ShadowOffsetX>1</ShadowOffsetX>
      <ShadowOffsetY>1</ShadowOffsetY>
      <Weight>1</Weight>
      <IgnoreLayout>False</IgnoreLayout>
      <Text>Link #1</Text>
      <TextFormat>
        <Alignment>1</Alignment>
        <Flags>0</Flags>
        <LineAlignment>1</LineAlignment>
        <Trimming>1</Trimming>
      </TextFormat>
      <TextPadding>0, 0, 0, 0</TextPadding>
      <Origin Id="1" ClassId="std:TableNode" Version="1" />
      <OriginRelative>100, 50</OriginRelative>
      <OriginAnchor>-1</OriginAnchor>
      <Destination Id="4" ClassId="std:TableNode" Version="1" />
      <DestinationRelative>0, 50</DestinationRelative>
      <DestinationAnchor>-1</DestinationAnchor>
      <OriginRow>2</OriginRow>
      <DestinationRow>1</DestinationRow>
      <Shape>1</Shape>
      <SegmentCount>1</SegmentCount>
      <Points>
        <Point>90, 46</Point>
        <Point>124, 35</Point>
      </Points>
      <Dynamic>False</Dynamic>
      <RetainForm>False</RetainForm>
      <AutoRoute>False</AutoRoute>
      <AutoSnapToNode>False</AutoSnapToNode>
      <CascadeOrientation>0</CascadeOrientation>
      <CascadeStartHorizontal>True</CascadeStartHorizontal>
      <TextStyle>0</TextStyle>
      <HeadShape Id="ManualOperation" />
      <HeadShapeSize>5</HeadShapeSize>
      <BaseShapeSize>5</BaseShapeSize>
      <IntermediateShapeSize>5</IntermediateShapeSize>
      <CustomDraw>0</CustomDraw>
      <DrawCrossings>True</DrawCrossings>
      <HandlesStyle>1</HandlesStyle>
      <AllowMoveStart>True</AllowMoveStart>
      <AllowMoveEnd>True</AllowMoveEnd>
    </Link>
    <Link Class="std:DiagramLink" Id="24" Version="2">
      <Bounds>0, 0, 1, 1</Bounds>
      <ZIndex>0</ZIndex>
      <LayerIndex>-1</LayerIndex>
      <HyperLink />
      <ToolTip />
      <Locked>False</Locked>
      <Visible>True</Visible>
      <Printable>True</Printable>
      <ShadowOffsetX>1</ShadowOffsetX>
      <ShadowOffsetY>1</ShadowOffsetY>
      <Weight>1</Weight>
      <IgnoreLayout>False</IgnoreLayout>
      <Text>Link #2</Text>
      <TextFormat>
        <Alignment>1</Alignment>
        <Flags>0</Flags>
        <LineAlignment>1</LineAlignment>
        <Trimming>1</Trimming>
      </TextFormat>
      <TextPadding>0, 0, 0, 0</TextPadding>
      <Origin Id="1" ClassId="std:TableNode" Version="1" />
      <OriginRelative>100, 50</OriginRelative>
      <OriginAnchor>-1</OriginAnchor>
      <Destination Id="3" ClassId="std:ContainerNode" Version="3" />
      <DestinationRelative>0, 17.19576</DestinationRelative>
      <DestinationAnchor>-1</DestinationAnchor>
      <OriginRow>3</OriginRow>
      <Shape>1</Shape>
      <SegmentCount>1</SegmentCount>
      <Points>
        <Point>90, 52</Point>
        <Point>126, 71.92857</Point>
      </Points>
      <Dynamic>False</Dynamic>
      <RetainForm>False</RetainForm>
      <AutoRoute>False</AutoRoute>
      <AutoSnapToNode>False</AutoSnapToNode>
      <CascadeOrientation>0</CascadeOrientation>
      <CascadeStartHorizontal>True</CascadeStartHorizontal>
      <TextStyle>0</TextStyle>
      <HeadShape Id="RevWithLine" />
      <HeadShapeSize>5</HeadShapeSize>
      <BaseShapeSize>5</BaseShapeSize>
      <IntermediateShapeSize>5</IntermediateShapeSize>
      <CustomDraw>0</CustomDraw>
      <DrawCrossings>True</DrawCrossings>
      <HandlesStyle>1</HandlesStyle>
      <AllowMoveStart>True</AllowMoveStart>
      <AllowMoveEnd>True</AllowMoveEnd>
    </Link>
    <Link Class="std:DiagramLink" Id="25" Version="2">
      <Bounds>0, 0, 1, 1</Bounds>
      <ZIndex>0</ZIndex>
      <LayerIndex>-1</LayerIndex>
      <HyperLink />
      <ToolTip />
      <Locked>False</Locked>
      <Visible>True</Visible>
      <Printable>True</Printable>
      <ShadowOffsetX>1</ShadowOffsetX>
      <ShadowOffsetY>1</ShadowOffsetY>
      <Weight>1</Weight>
      <IgnoreLayout>False</IgnoreLayout>
      <Text>Link #3</Text>
      <TextFormat>
        <Alignment>1</Alignment>
        <Flags>0</Flags>
        <LineAlignment>1</LineAlignment>
        <Trimming>1</Trimming>
      </TextFormat>
      <TextPadding>0, 0, 0, 0</TextPadding>
      <Origin Id="20" ClassId="std:ShapeNode" Version="1" />
      <OriginRelative>89.6046, 50</OriginRelative>
      <OriginAnchor>-1</OriginAnchor>
      <Destination Id="19" ClassId="std:ShapeNode" Version="1" />
      <DestinationRelative>19.99999, 50</DestinationRelative>
      <DestinationAnchor>-1</DestinationAnchor>
      <Shape>1</Shape>
      <SegmentCount>1</SegmentCount>
      <Points>
        <Point>39.08929, 84</Point>
        <Point>71.6, 84</Point>
      </Points>
      <Dynamic>False</Dynamic>
      <RetainForm>False</RetainForm>
      <AutoRoute>False</AutoRoute>
      <AutoSnapToNode>False</AutoSnapToNode>
      <CascadeOrientation>0</CascadeOrientation>
      <CascadeStartHorizontal>True</CascadeStartHorizontal>
      <TextStyle>0</TextStyle>
      <HeadShape Id="Ellipse" />
      <HeadShapeSize>5</HeadShapeSize>
      <BaseShapeSize>5</BaseShapeSize>
      <IntermediateShapeSize>5</IntermediateShapeSize>
      <CustomDraw>0</CustomDraw>
      <DrawCrossings>True</DrawCrossings>
      <HandlesStyle>1</HandlesStyle>
      <AllowMoveStart>True</AllowMoveStart>
      <AllowMoveEnd>True</AllowMoveEnd>
    </Link>
    <Link Class="std:DiagramLink" Id="26" Version="2">
      <Bounds>0, 0, 1, 1</Bounds>
      <ZIndex>0</ZIndex>
      <LayerIndex>-1</LayerIndex>
      <HyperLink />
      <ToolTip />
      <Locked>False</Locked>
      <Visible>True</Visible>
      <Printable>True</Printable>
      <ShadowOffsetX>1</ShadowOffsetX>
      <ShadowOffsetY>1</ShadowOffsetY>
      <Weight>1</Weight>
      <IgnoreLayout>False</IgnoreLayout>
      <Text>Link #4</Text>
      <TextFormat>
        <Alignment>1</Alignment>
        <Flags>0</Flags>
        <LineAlignment>1</LineAlignment>
        <Trimming>1</Trimming>
      </TextFormat>
      <TextPadding>0, 0, 0, 0</TextPadding>
      <Origin Id="19" ClassId="std:ShapeNode" Version="1" />
      <OriginRelative>23.46938, 70</OriginRelative>
      <OriginAnchor>-1</OriginAnchor>
      <Destination Id="18" ClassId="std:ShapeNode" Version="1" />
      <DestinationRelative>100, 12.3077</DestinationRelative>
      <DestinationAnchor>-1</DestinationAnchor>
      <Shape>1</Shape>
      <SegmentCount>1</SegmentCount>
      <Points>
        <Point>72.57143, 88</Point>
        <Point>42, 104.4615</Point>
      </Points>
      <Dynamic>False</Dynamic>
      <RetainForm>False</RetainForm>
      <AutoRoute>False</AutoRoute>
      <AutoSnapToNode>False</AutoSnapToNode>
      <CascadeOrientation>0</CascadeOrientation>
      <CascadeStartHorizontal>True</CascadeStartHorizontal>
      <TextStyle>0</TextStyle>
      <HeadShape Id="Hourglass" />
      <HeadShapeSize>5</HeadShapeSize>
      <BaseShapeSize>5</BaseShapeSize>
      <IntermediateShapeSize>5</IntermediateShapeSize>
      <CustomDraw>0</CustomDraw>
      <DrawCrossings>True</DrawCrossings>
      <HandlesStyle>1</HandlesStyle>
      <AllowMoveStart>True</AllowMoveStart>
      <AllowMoveEnd>True</AllowMoveEnd>
    </Link>
    <Link Class="std:DiagramLink" Id="27" Version="2">
      <Bounds>0, 0, 1, 1</Bounds>
      <ZIndex>0</ZIndex>
      <LayerIndex>-1</LayerIndex>
      <HyperLink />
      <ToolTip />
      <Locked>False</Locked>
      <Visible>True</Visible>
      <Printable>True</Printable>
      <ShadowOffsetX>1</ShadowOffsetX>
      <ShadowOffsetY>1</ShadowOffsetY>
      <Weight>1</Weight>
      <IgnoreLayout>False</IgnoreLayout>
      <Text>Link #5</Text>
      <TextFormat>
        <Alignment>1</Alignment>
        <Flags>0</Flags>
        <LineAlignment>1</LineAlignment>
        <Trimming>1</Trimming>
      </TextFormat>
      <TextPadding>0, 0, 0, 0</TextPadding>
      <Origin Id="18" ClassId="std:ShapeNode" Version="1" />
      <OriginRelative>100, 50</OriginRelative>
      <OriginAnchor>-1</OriginAnchor>
      <Destination Id="17" ClassId="std:ShapeNode" Version="1" />
      <DestinationRelative>33.03571, 50</DestinationRelative>
      <DestinationAnchor>-1</DestinationAnchor>
      <Shape>1</Shape>
      <SegmentCount>1</SegmentCount>
      <Points>
        <Point>42, 112</Point>
        <Point>75.25, 112</Point>
      </Points>
      <Dynamic>False</Dynamic>
      <RetainForm>False</RetainForm>
      <AutoRoute>False</AutoRoute>
      <AutoSnapToNode>False</AutoSnapToNode>
      <CascadeOrientation>0</CascadeOrientation>
      <CascadeStartHorizontal>True</CascadeStartHorizontal>
      <TextStyle>0</TextStyle>
      <HeadShape Id="Document" />
      <HeadShapeSize>5</HeadShapeSize>
      <BaseShapeSize>5</BaseShapeSize>
      <IntermediateShapeSize>5</IntermediateShapeSize>
      <CustomDraw>0</CustomDraw>
      <DrawCrossings>True</DrawCrossings>
      <HandlesStyle>1</HandlesStyle>
      <AllowMoveStart>True</AllowMoveStart>
      <AllowMoveEnd>True</AllowMoveEnd>
    </Link>
    <Link Class="std:DiagramLink" Id="28" Version="2">
      <Bounds>0, 0, 1, 1</Bounds>
      <ZIndex>0</ZIndex>
      <LayerIndex>-1</LayerIndex>
      <HyperLink />
      <ToolTip />
      <Locked>False</Locked>
      <Visible>True</Visible>
      <Printable>True</Printable>
      <ShadowOffsetX>1</ShadowOffsetX>
      <ShadowOffsetY>1</ShadowOffsetY>
      <Weight>1</Weight>
      <IgnoreLayout>False</IgnoreLayout>
      <Text>Link #6</Text>
      <TextFormat>
        <Alignment>1</Alignment>
        <Flags>0</Flags>
        <LineAlignment>1</LineAlignment>
        <Trimming>1</Trimming>
      </TextFormat>
      <TextPadding>0, 0, 0, 0</TextPadding>
      <Origin Id="17" ClassId="std:ShapeNode" Version="1" />
      <OriginRelative>50, 0</OriginRelative>
      <OriginAnchor>-1</OriginAnchor>
      <Destination Id="19" ClassId="std:ShapeNode" Version="1" />
      <DestinationRelative>50, 70</DestinationRelative>
      <DestinationAnchor>-1</DestinationAnchor>
      <Shape>1</Shape>
      <SegmentCount>1</SegmentCount>
      <Points>
        <Point>80, 102</Point>
        <Point>80, 88</Point>
      </Points>
      <Dynamic>False</Dynamic>
      <RetainForm>False</RetainForm>
      <AutoRoute>False</AutoRoute>
      <AutoSnapToNode>False</AutoSnapToNode>
      <CascadeOrientation>0</CascadeOrientation>
      <CascadeStartHorizontal>True</CascadeStartHorizontal>
      <TextStyle>0</TextStyle>
      <HeadShape Id="DInDelay" />
      <HeadShapeSize>5</HeadShapeSize>
      <BaseShapeSize>5</BaseShapeSize>
      <IntermediateShapeSize>5</IntermediateShapeSize>
      <CustomDraw>0</CustomDraw>
      <DrawCrossings>True</DrawCrossings>
      <HandlesStyle>1</HandlesStyle>
      <AllowMoveStart>True</AllowMoveStart>
      <AllowMoveEnd>True</AllowMoveEnd>
    </Link>
  </Links>
  <Properties>
    <ItemCounter>29</ItemCounter>
    <LinkHeadShape Id="Arrow" />
    <LinkHeadShapeSize>5</LinkHeadShapeSize>
    <LinkBaseShapeSize>5</LinkBaseShapeSize>
    <LinkIntermediateShapeSize>5</LinkIntermediateShapeSize>
    <AlignToGrid>True</AlignToGrid>
    <ShowGrid>False</ShowGrid>
    <GridStyle>0</GridStyle>
    <GridColor>#FF8C8C96</GridColor>
    <GridSizeX>4</GridSizeX>
    <GridSizeY>4</GridSizeY>
    <GridOffsetX>0</GridOffsetX>
    <GridOffsetY>0</GridOffsetY>
    <ShadowBrush Id="0" />
    <ShadowsStyle>1</ShadowsStyle>
    <ShadowOffsetX>1</ShadowOffsetX>
    <ShadowOffsetY>1</ShadowOffsetY>
    <ImageAlign>4</ImageAlign>
    <TextColor>#FF000000</TextColor>
    <LinkStyle>1</LinkStyle>
    <LinkSegments>1</LinkSegments>
    <Bounds>0, 0, 260, 297</Bounds>
    <TableRowsCount>4</TableRowsCount>
    <TableColumnsCount>2</TableColumnsCount>
    <TableColumnWidth>18</TableColumnWidth>
    <TableRowHeight>6</TableRowHeight>
    <TableCaptionHeight>5</TableCaptionHeight>
    <TableCaption>Table</TableCaption>
    <LinkCascadeOrientation>0</LinkCascadeOrientation>
    <TableCellBorders>2</TableCellBorders>
    <AutoHighlightRows>False</AutoHighlightRows>
    <NodesExpandable>False</NodesExpandable>
    <TablesScrollable>False</TablesScrollable>
    <ToolTip />
    <DefaultTextFormat>
      <Alignment>1</Alignment>
      <Flags>0</Flags>
      <LineAlignment>1</LineAlignment>
      <Trimming>1</Trimming>
    </DefaultTextFormat>
    <Font>
      <Name>Microsoft Sans Serif</Name>
      <Size>9</Size>
      <Unit>3</Unit>
      <Bold>False</Bold>
      <Italic>False</Italic>
      <Underline>False</Underline>
      <Strikeout>False</Strikeout>
      <GdiCharSet>1</GdiCharSet>
    </Font>
    <ImageDpiX>0</ImageDpiX>
    <ImageDpiY>0</ImageDpiY>
    <DefaultShape Id="RoundRect" />
    <ShapePen>
      <Color>#FF000000</Color>
      <DashOffset>0</DashOffset>
      <DashStyle>0</DashStyle>
      <LineJoint>0</LineJoint>
      <MiterLimit>10</MiterLimit>
      <Width>0</Width>
    </ShapePen>
    <LinkPen>
      <Color>#FF000000</Color>
      <DashOffset>0</DashOffset>
      <DashStyle>0</DashStyle>
      <LineJoint>0</LineJoint>
      <MiterLimit>10</MiterLimit>
      <Width>0</Width>
    </LinkPen>
    <TablePen>
      <Color>#FF000000</Color>
      <DashOffset>0</DashOffset>
      <DashStyle>0</DashStyle>
      <LineJoint>0</LineJoint>
      <MiterLimit>10</MiterLimit>
      <Width>0</Width>
    </TablePen>
    <ContainerHighlightPen>
      <Color>#FF87CEFA</Color>
      <DashOffset>0</DashOffset>
      <DashStyle>0</DashStyle>
      <LineJoint>0</LineJoint>
      <MiterLimit>10</MiterLimit>
      <Width>0.5</Width>
    </ContainerHighlightPen>
    <ShapeBrush Id="1" />
    <LinkBrush Id="2" />
    <TableBrush Id="3" />
    <RowHighlightBrush Id="4" />
    <ShapeHandlesStyle>1</ShapeHandlesStyle>
    <TableHandlesStyle>2</TableHandlesStyle>
    <AllowLinksRepeat>True</AllowLinksRepeat>
    <AllowUnconnectedLinks>False</AllowUnconnectedLinks>
    <AllowUnanchoredLinks>True</AllowUnanchoredLinks>
    <PolygonalTextLayout>False</PolygonalTextLayout>
    <ShapeOrientation>0</ShapeOrientation>
    <RouteLinks>False</RouteLinks>
    <LinksRetainForm>False</LinksRetainForm>
    <LinkTextStyle>0</LinkTextStyle>
    <TableConnectionStyle>1</TableConnectionStyle>
    <MeasureUnit>6</MeasureUnit>
    <MinBounds>0, 0, 260, 297</MinBounds>
    <ExpandBtnPos>0</ExpandBtnPos>
    <EnableStyledText>False</EnableStyledText>
    <LinkText />
    <ShapeText />
    <LinkCrossings>0</LinkCrossings>
    <CrossRadius>1.5</CrossRadius>
    <AutoSnapLinks>False</AutoSnapLinks>
    <AutoSnapDistance>16</AutoSnapDistance>
    <LinkHandlesStyle>1</LinkHandlesStyle>
    <RoundedLinks>False</RoundedLinks>
    <RoundedLinksRadius>2</RoundedLinksRadius>
    <EnableLanes>False</EnableLanes>
    <Lane>
      <LeftMargin>0</LeftMargin>
      <TopMargin>0</TopMargin>
      <MinHeaderSize>10</MinHeaderSize>
      <DefaultFont>
        <Name>Microsoft Sans Serif</Name>
        <Size>9</Size>
        <Unit>3</Unit>
        <Bold>False</Bold>
        <Italic>False</Italic>
        <Underline>False</Underline>
        <Strikeout>False</Strikeout>
        <GdiCharSet>1</GdiCharSet>
      </DefaultFont>
      <HookHeaders>True</HookHeaders>
      <HeadersOnTop>True</HeadersOnTop>
      <AlignCells>True</AlignCells>
      <RowWidths />
      <ColumnHeights />
      <AllowResizeHeaders>True</AllowResizeHeaders>
      <Columns>
        <Width>0</Width>
        <Height>0</Height>
        <ResizeType>1</ResizeType>
        <Title />
        <RotateTitle>False</RotateTitle>
        <TitleColor>#FF000000</TitleColor>
        <Style>
          <BackgroundBrush Id="5" />
          <LeftBorderPen>
            <Color>#FF000000</Color>
            <DashOffset>0</DashOffset>
            <DashStyle>0</DashStyle>
            <LineJoint>0</LineJoint>
            <MiterLimit>10</MiterLimit>
            <Width>0</Width>
          </LeftBorderPen>
          <TopBorderPen>
            <Color>#FF000000</Color>
            <DashOffset>0</DashOffset>
            <DashStyle>0</DashStyle>
            <LineJoint>0</LineJoint>
            <MiterLimit>10</MiterLimit>
            <Width>0</Width>
          </TopBorderPen>
          <RightBorderPen>
            <Color>#FF000000</Color>
            <DashOffset>0</DashOffset>
            <DashStyle>0</DashStyle>
            <LineJoint>0</LineJoint>
            <MiterLimit>10</MiterLimit>
            <Width>0</Width>
          </RightBorderPen>
          <BottomBorderPen>
            <Color>#FF000000</Color>
            <DashOffset>0</DashOffset>
            <DashStyle>0</DashStyle>
            <LineJoint>0</LineJoint>
            <MiterLimit>10</MiterLimit>
            <Width>0</Width>
          </BottomBorderPen>
        </Style>
        <SubHeaders />
      </Columns>
      <Rows>
        <Width>0</Width>
        <Height>0</Height>
        <ResizeType>1</ResizeType>
        <Title />
        <RotateTitle>False</RotateTitle>
        <TitleColor>#FF000000</TitleColor>
        <Style>
          <BackgroundBrush Id="5" />
          <LeftBorderPen>
            <Color>#FF000000</Color>
            <DashOffset>0</DashOffset>
            <DashStyle>0</DashStyle>
            <LineJoint>0</LineJoint>
            <MiterLimit>10</MiterLimit>
            <Width>0</Width>
          </LeftBorderPen>
          <TopBorderPen>
            <Color>#FF000000</Color>
            <DashOffset>0</DashOffset>
            <DashStyle>0</DashStyle>
            <LineJoint>0</LineJoint>
            <MiterLimit>10</MiterLimit>
            <Width>0</Width>
          </TopBorderPen>
          <RightBorderPen>
            <Color>#FF000000</Color>
            <DashOffset>0</DashOffset>
            <DashStyle>0</DashStyle>
            <LineJoint>0</LineJoint>
            <MiterLimit>10</MiterLimit>
            <Width>0</Width>
          </RightBorderPen>
          <BottomBorderPen>
            <Color>#FF000000</Color>
            <DashOffset>0</DashOffset>
            <DashStyle>0</DashStyle>
            <LineJoint>0</LineJoint>
            <MiterLimit>10</MiterLimit>
            <Width>0</Width>
          </BottomBorderPen>
        </Style>
        <SubHeaders />
      </Rows>
      <Cells ColumnCount="0" RowCount="0" />
    </Lane>
    <ContainerMargin>10</ContainerMargin>
    <ContainerMinimumSize>50, 40</ContainerMinimumSize>
    <ContainerCaption>Container</ContainerCaption>
    <ContainerCaptionHeight>5</ContainerCaptionHeight>
    <ContainersFoldable>True</ContainersFoldable>
    <ShapeCustomDraw>0</ShapeCustomDraw>
    <SelectAfterCreate>True</SelectAfterCreate>
    <AutoResize>1</AutoResize>
    <RestrictItemsToBounds>1</RestrictItemsToBounds>
    <SnapToAnchor>0</SnapToAnchor>
    <AllowSplitLinks>False</AllowSplitLinks>
    <AllowSelfLoops>True</AllowSelfLoops>
    <ExpandOnIncoming>False</ExpandOnIncoming>
    <RecursiveExpand>False</RecursiveExpand>
    <MergeThreshold>0</MergeThreshold>
    <ShowAnchors>2</ShowAnchors>
    <SelectionOnTop>True</SelectionOnTop>
    <AdjustmentHandlesSize>2</AdjustmentHandlesSize>
    <ShowHandlesOnDrag>True</ShowHandlesOnDrag>
    <ShowDisabledHandles>True</ShowDisabledHandles>
    <TableStyle>0</TableStyle>
    <LinkEndsMovable>True</LinkEndsMovable>
    <DynamicLinks>False</DynamicLinks>
    <HitTestPriority>1</HitTestPriority>
    <AutoArrangeAvoidSegments>True</AutoArrangeAvoidSegments>
    <AutoArrangeAvoidContainers>True</AutoArrangeAvoidContainers>
    <AllowMultipleSelection>True</AllowMultipleSelection>
    <LinkBranchIndicator>0</LinkBranchIndicator>
    <BranchIndicatorSize>4</BranchIndicatorSize>
    <BranchIndicatorColor>#FF90EE90</BranchIndicatorColor>
    <LinkMergeIndicator>0</LinkMergeIndicator>
    <MergeIndicatorSize>4</MergeIndicatorSize>
    <MergeIndicatorColor>#FF90EE90</MergeIndicatorColor>
    <ActiveItemHandlesStyle>
      <HandlePen>
        <Color>#FF000000</Color>
        <DashOffset>0</DashOffset>
        <DashStyle>0</DashStyle>
        <LineJoint>0</LineJoint>
        <MiterLimit>10</MiterLimit>
        <Width>0</Width>
      </HandlePen>
      <HandleBrush Id="5" />
      <DashPen>
        <Brush Id="6" />
        <Color>#FF000000</Color>
        <DashOffset>0</DashOffset>
        <DashStyle>0</DashStyle>
        <LineJoint>0</LineJoint>
        <MiterLimit>10</MiterLimit>
        <Width>0</Width>
      </DashPen>
      <HatchBrush Id="7" />
      <PatternBrush Id="8" />
      <ControlPointBrush Id="9" />
    </ActiveItemHandlesStyle>
    <SelectedItemHandlesStyle>
      <HandlePen>
        <Color>#FF000000</Color>
        <DashOffset>0</DashOffset>
        <DashStyle>0</DashStyle>
        <LineJoint>0</LineJoint>
        <MiterLimit>10</MiterLimit>
        <Width>0</Width>
      </HandlePen>
      <HandleBrush Id="10" />
      <DashPen>
        <Brush Id="11" />
        <Color>#FF000000</Color>
        <DashOffset>0</DashOffset>
        <DashStyle>0</DashStyle>
        <LineJoint>0</LineJoint>
        <MiterLimit>10</MiterLimit>
        <Width>0</Width>
      </DashPen>
      <HatchBrush Id="7" />
      <PatternBrush Id="8" />
      <ControlPointBrush Id="9" />
    </SelectedItemHandlesStyle>
    <DisabledHandlesStyle>
      <HandlePen>
        <Color>#FF000000</Color>
        <DashOffset>0</DashOffset>
        <DashStyle>0</DashStyle>
        <LineJoint>0</LineJoint>
        <MiterLimit>10</MiterLimit>
        <Width>0</Width>
      </HandlePen>
      <HandleBrush Id="12" />
      <DashPen>
        <Brush Id="6" />
        <Color>#FF000000</Color>
        <DashOffset>0</DashOffset>
        <DashStyle>0</DashStyle>
        <LineJoint>0</LineJoint>
        <MiterLimit>10</MiterLimit>
        <Width>0</Width>
      </DashPen>
      <HatchBrush Id="7" />
      <PatternBrush Id="8" />
      <ControlPointBrush Id="9" />
    </DisabledHandlesStyle>
  </Properties>
  <Effects />
  <Selection />
  <Theme>
    <Style TargetType="std:Diagram" Class="std:DiagramStyle" Version="1">
      <Property Name="BackBrush">
        <Value Type="100">
          <Brush Id="13" />
        </Value>
      </Property>
      <Property Name="FontSize">
        <Value Type="11">9</Value>
      </Property>
      <Property Name="Brush">
        <Value Type="100">
          <Brush Id="14" />
        </Value>
      </Property>
      <Property Name="Stroke">
        <Value Type="100">
          <Brush Id="15" />
        </Value>
      </Property>
    </Style>
    <Style TargetType="std:DiagramLink" Class="std:DiagramLinkStyle" Version="1">
      <Property Name="FontSize">
        <Value Type="11">9</Value>
      </Property>
      <Property Name="ShadowBrush">
        <Value Type="100">
          <Brush Id="16" />
        </Value>
      </Property>
    </Style>
    <Style TargetType="std:ShapeNode" Class="std:ShapeNodeStyle" Version="1">
      <Property Name="FontSize">
        <Value Type="11">9</Value>
      </Property>
      <Property Name="Brush">
        <Value Type="100">
          <Brush Id="17" />
        </Value>
      </Property>
      <Property Name="Stroke">
        <Value Type="100">
          <Brush Id="18" />
        </Value>
      </Property>
    </Style>
    <Style TargetType="std:TableNode" Class="std:TableNodeStyle" Version="1">
      <Property Name="FontSize">
        <Value Type="11">9</Value>
      </Property>
      <Property Name="Brush">
        <Value Type="100">
          <Brush Id="19" />
        </Value>
      </Property>
      <Property Name="Stroke">
        <Value Type="100">
          <Brush Id="20" />
        </Value>
      </Property>
    </Style>
    <Style TargetType="std:ContainerNode" Class="std:ContainerNodeStyle" Version="1">
      <Property Name="FontSize">
        <Value Type="11">9</Value>
      </Property>
      <Property Name="Brush">
        <Value Type="100">
          <Brush Id="21" />
        </Value>
      </Property>
      <Property Name="Stroke">
        <Value Type="100">
          <Brush Id="22" />
        </Value>
      </Property>
      <Property Name="Effects">
        <Value Type="105">
          <List>
            <Item>
              <Value Type="103">
                <Effect Id="0" />
              </Value>
            </Item>
          </List>
        </Value>
      </Property>
    </Style>
  </Theme>
  <Resources>
    <Styles />
    <Effects>
      <Effect Index="0" Class="std:AeroEffect" Version="1">
        <Opacity>0.5</Opacity>
        <ShadeColor>#FF000000</ShadeColor>
        <InnerOutlineColor>#FFFF0000</InnerOutlineColor>
      </Effect>
    </Effects>
    <Brushes>
      <Brush Index="20" Type="Solid">
        <Color>#FFBC8F8F</Color>
      </Brush>
      <Brush Index="19" Type="Gradient">
        <Angle>90</Angle>
        <Color1>#FFFFA500</Color1>
        <Color2>#FFFFEFD5</Color2>
      </Brush>
      <Brush Index="8" Type="Pattern">
        <ForeColor>#FF000000</ForeColor>
        <BackColor>#32000000</BackColor>
        <Style>12</Style>
      </Brush>
      <Brush Index="16" Type="Solid">
        <Color>#FF008080</Color>
      </Brush>
      <Brush Index="5" Type="Solid">
        <Color>#FFFFFFFF</Color>
      </Brush>
      <Brush Index="13" Type="Solid">
        <Color>#FFF5F5F5</Color>
      </Brush>
      <Brush Index="18" Type="Solid">
        <Color>#FF000080</Color>
      </Brush>
      <Brush Index="14" Type="Solid">
        <Color>#FF3CB371</Color>
      </Brush>
      <Brush Index="1" Type="Solid">
        <Color>#FFDCDCFF</Color>
      </Brush>
      <Brush Index="0" Type="Solid">
        <Color>#96A9A9A9</Color>
      </Brush>
      <Brush Index="11" Type="Pattern">
        <ForeColor>#FFD3D3D3</ForeColor>
        <BackColor>#FF000000</BackColor>
        <Style>20</Style>
      </Brush>
      <Brush Index="21" Type="Solid">
        <Color>#7FB22222</Color>
      </Brush>
      <Brush Index="10" Type="Solid">
        <Color>#FFAAAAAA</Color>
      </Brush>
      <Brush Index="9" Type="Solid">
        <Color>#FFFFFF00</Color>
      </Brush>
      <Brush Index="4" Type="Solid">
        <Color>#FFB9D1EA</Color>
      </Brush>
      <Brush Index="15" Type="Solid">
        <Color>#FF2E8B57</Color>
      </Brush>
      <Brush Index="6" Type="Pattern">
        <ForeColor>#FFFFFFFF</ForeColor>
        <BackColor>#FF000000</BackColor>
        <Style>20</Style>
      </Brush>
      <Brush Index="3" Type="Solid">
        <Color>#FFB4A0A0</Color>
      </Brush>
      <Brush Index="2" Type="Solid">
        <Color>#FF78DCFF</Color>
      </Brush>
      <Brush Index="12" Type="Solid">
        <Color>#FFC80000</Color>
      </Brush>
      <Brush Index="22" Type="Solid">
        <Color>#FFFF0000</Color>
      </Brush>
      <Brush Index="7" Type="Pattern">
        <ForeColor>#FF000000</ForeColor>
        <BackColor>#FFFFFFFF</BackColor>
        <Style>3</Style>
      </Brush>
      <Brush Index="17" Type="PathGradient">
        <CenterPoint>0, 0</CenterPoint>
        <CenterColor>#FFB0C4DE</CenterColor>
        <SurroundingColor>#FF4682B4</SurroundingColor>
      </Brush>
    </Brushes>
    <Images Count="0" />
    <Svgs Count="0" />
    <Stencils Count="0" />
    <Maps Count="0" />
  </Resources>
  <Layers ActiveLayer="-1" />
</Diagram>