<Diagram Version="17"><Nodes><Node Class="cnVarList" Id="0" Version="1"><ZIndex>10000</ZIndex><HyperLink></HyperLink><Locked>true</Locked><Visible>false</Visible><Text></Text><TextPadding>1, 1, 1, 1</TextPadding><IgnoreLayout>false</IgnoreLayout><Bounds>187.76666666666668, 79.39583333333334, 60, 80</Bounds><RotationAngle>0</RotationAngle><Obstacle>true</Obstacle><AllowIncomingLinks>false</AllowIncomingLinks><AllowOutgoingLinks>false</AllowOutgoingLinks><ShowDeleteButton>false</ShowDeleteButton><Expanded>true</Expanded><Expandable>false</Expandable><EnabledHandles>511</EnabledHandles><HandlesStyle>2</HandlesStyle><Effects/><Template>&lt;div class="root variableList" style="background-color: rgba(240, 240, 240, 0.5);"&gt;
                        &lt;span style="font-weight: bold; margin: 10px; cursor: move;"&gt;Variables List&lt;/span&gt;
                        &lt;div class="variablesDisplay"&gt;&lt;span id="varValues"&gt;&lt;/span&gt;&lt;/div&gt;
                    &lt;/div&gt;</Template></Node><Node Class="cnTerminator" Id="1" Version="1"><ZIndex>1</ZIndex><HyperLink></HyperLink><Locked>false</Locked><Visible>true</Visible><Text></Text><TextBrush Id="0"/><TextPadding>1, 1, 1, 1</TextPadding><IgnoreLayout>false</IgnoreLayout><Bounds>52, 8, 36, 12</Bounds><RotationAngle>0</RotationAngle><Obstacle>true</Obstacle><AllowIncomingLinks>false</AllowIncomingLinks><AllowOutgoingLinks>true</AllowOutgoingLinks><ShowDeleteButton>false</ShowDeleteButton><Expanded>true</Expanded><Expandable>false</Expandable><EnabledHandles>511</EnabledHandles><HandlesStyle>2</HandlesStyle><Effects/><Template>&lt;div class="root terminator"&gt;&lt;span class="terminatortext"&gt;&lt;/span&gt;&lt;/div&gt;</Template><Type>1</Type></Node><Node Class="cnOperation" Id="2" Version="1"><ZIndex>2</ZIndex><HyperLink></HyperLink><Locked>false</Locked><Visible>true</Visible><Text></Text><TextPadding>1, 1, 1, 1</TextPadding><IgnoreLayout>false</IgnoreLayout><Bounds>32, 40, 80, 32</Bounds><RotationAngle>0</RotationAngle><AnchorPattern Id=""><Points Count="2"><AnchorPoint><AllowIncoming>true</AllowIncoming><AllowOutgoing>false</AllowOutgoing><Color>#FF000000</Color><Column>-1</Column><MarkStyle>4</MarkStyle><Tag Type="9">0</Tag><Tooltip/><X>50</X><Y>0</Y></AnchorPoint><AnchorPoint><AllowIncoming>false</AllowIncoming><AllowOutgoing>true</AllowOutgoing><Color>#FF000000</Color><Column>-1</Column><MarkStyle>4</MarkStyle><Tag Type="9">3</Tag><Tooltip/><X>50</X><Y>100</Y></AnchorPoint></Points></AnchorPattern><Obstacle>true</Obstacle><AllowIncomingLinks>true</AllowIncomingLinks><AllowOutgoingLinks>true</AllowOutgoingLinks><ShowDeleteButton>false</ShowDeleteButton><Expanded>true</Expanded><Expandable>false</Expandable><EnabledHandles>511</EnabledHandles><HandlesStyle>2</HandlesStyle><Effects/><Template>&lt;div class="root operation"&gt;
                        &lt;span class="operationtitle"&gt;&lt;/span&gt;
                        &lt;textarea class="operationcode" data-interactive="true"&gt;&lt;/textarea&gt;
                    &lt;/div&gt;</Template><Type>1</Type><Code>this.n = prompt("Enter Number");
this.i = parseInt(this.n);
this.f = 1;</Code></Node><Node Class="cnOperation" Id="3" Version="1"><ZIndex>4</ZIndex><HyperLink></HyperLink><Locked>false</Locked><Visible>true</Visible><Text></Text><TextPadding>1, 1, 1, 1</TextPadding><IgnoreLayout>false</IgnoreLayout><Bounds>8, 92, 36, 24</Bounds><RotationAngle>0</RotationAngle><AnchorPattern Id=""><Points Count="3"><AnchorPoint><AllowIncoming>true</AllowIncoming><AllowOutgoing>false</AllowOutgoing><Color>#FF000000</Color><Column>-1</Column><MarkStyle>3</MarkStyle><Tag Type="9">0</Tag><Tooltip/><X>50</X><Y>0</Y></AnchorPoint><AnchorPoint><AllowIncoming>false</AllowIncoming><AllowOutgoing>true</AllowOutgoing><Color>#FF008000</Color><Column>-1</Column><MarkStyle>3</MarkStyle><Tag Type="9">1</Tag><Tooltip/><X>50</X><Y>100</Y></AnchorPoint><AnchorPoint><AllowIncoming>false</AllowIncoming><AllowOutgoing>true</AllowOutgoing><Color>#FFff0000</Color><Column>-1</Column><MarkStyle>3</MarkStyle><Tag Type="9">2</Tag><Tooltip/><X>100</X><Y>50</Y></AnchorPoint></Points></AnchorPattern><Obstacle>true</Obstacle><AllowIncomingLinks>true</AllowIncomingLinks><AllowOutgoingLinks>true</AllowOutgoingLinks><ShowDeleteButton>false</ShowDeleteButton><Expanded>true</Expanded><Expandable>false</Expandable><EnabledHandles>511</EnabledHandles><HandlesStyle>2</HandlesStyle><Effects/><Template>&lt;div class="root operation"&gt;
                        &lt;span class="operationtitle"&gt;&lt;/span&gt;
                        &lt;textarea class="operationcode" data-interactive="true"&gt;&lt;/textarea&gt;
                    &lt;/div&gt;</Template><Type>2</Type><Code>return this.i &lt;= 0</Code></Node><Node Class="cnOperation" Id="4" Version="1"><ZIndex>6</ZIndex><HyperLink></HyperLink><Locked>false</Locked><Visible>true</Visible><Text></Text><TextPadding>1, 1, 1, 1</TextPadding><IgnoreLayout>false</IgnoreLayout><Bounds>112, 92, 52, 28</Bounds><RotationAngle>0</RotationAngle><AnchorPattern Id=""><Points Count="2"><AnchorPoint><AllowIncoming>true</AllowIncoming><AllowOutgoing>false</AllowOutgoing><Color>#FF000000</Color><Column>-1</Column><MarkStyle>4</MarkStyle><Tag Type="9">0</Tag><Tooltip/><X>50</X><Y>0</Y></AnchorPoint><AnchorPoint><AllowIncoming>false</AllowIncoming><AllowOutgoing>true</AllowOutgoing><Color>#FF000000</Color><Column>-1</Column><MarkStyle>4</MarkStyle><Tag Type="9">3</Tag><Tooltip/><X>50</X><Y>100</Y></AnchorPoint></Points></AnchorPattern><Obstacle>true</Obstacle><AllowIncomingLinks>true</AllowIncomingLinks><AllowOutgoingLinks>true</AllowOutgoingLinks><ShowDeleteButton>false</ShowDeleteButton><Expanded>true</Expanded><Expandable>false</Expandable><EnabledHandles>511</EnabledHandles><HandlesStyle>2</HandlesStyle><Effects/><Template>&lt;div class="root operation"&gt;
                        &lt;span class="operationtitle"&gt;&lt;/span&gt;
                        &lt;textarea class="operationcode" data-interactive="true"&gt;&lt;/textarea&gt;
                    &lt;/div&gt;</Template><Type>1</Type><Code>this.f *= this.i;
--this.i;</Code></Node><Node Class="cnOperation" Id="5" Version="1"><ZIndex>9</ZIndex><HyperLink></HyperLink><Locked>false</Locked><Visible>true</Visible><Text></Text><TextPadding>1, 1, 1, 1</TextPadding><IgnoreLayout>false</IgnoreLayout><Bounds>20, 136, 112, 28</Bounds><RotationAngle>0</RotationAngle><AnchorPattern Id=""><Points Count="2"><AnchorPoint><AllowIncoming>true</AllowIncoming><AllowOutgoing>false</AllowOutgoing><Color>#FF000000</Color><Column>-1</Column><MarkStyle>4</MarkStyle><Tag Type="9">0</Tag><Tooltip/><X>50</X><Y>0</Y></AnchorPoint><AnchorPoint><AllowIncoming>false</AllowIncoming><AllowOutgoing>true</AllowOutgoing><Color>#FF000000</Color><Column>-1</Column><MarkStyle>4</MarkStyle><Tag Type="9">3</Tag><Tooltip/><X>50</X><Y>100</Y></AnchorPoint></Points></AnchorPattern><Obstacle>true</Obstacle><AllowIncomingLinks>true</AllowIncomingLinks><AllowOutgoingLinks>true</AllowOutgoingLinks><ShowDeleteButton>false</ShowDeleteButton><Expanded>true</Expanded><Expandable>false</Expandable><EnabledHandles>511</EnabledHandles><HandlesStyle>2</HandlesStyle><Effects/><Template>&lt;div class="root operation"&gt;
                        &lt;span class="operationtitle"&gt;&lt;/span&gt;
                        &lt;textarea class="operationcode" data-interactive="true"&gt;&lt;/textarea&gt;
                    &lt;/div&gt;</Template><Type>1</Type><Code>alert(`Factorial of ${this.n} is ${this.f}`);</Code></Node><Node Class="cnTerminator" Id="6" Version="1"><ZIndex>11</ZIndex><HyperLink></HyperLink><Locked>false</Locked><Visible>true</Visible><Text></Text><TextBrush Id="0"/><TextPadding>1, 1, 1, 1</TextPadding><IgnoreLayout>false</IgnoreLayout><Bounds>32, 180, 36, 12</Bounds><RotationAngle>0</RotationAngle><Obstacle>true</Obstacle><AllowIncomingLinks>true</AllowIncomingLinks><AllowOutgoingLinks>false</AllowOutgoingLinks><ShowDeleteButton>false</ShowDeleteButton><Expanded>true</Expanded><Expandable>false</Expandable><EnabledHandles>511</EnabledHandles><HandlesStyle>2</HandlesStyle><Effects/><Template>&lt;div class="root terminator"&gt;&lt;span class="terminatortext"&gt;&lt;/span&gt;&lt;/div&gt;</Template><Type>2</Type></Node></Nodes><Links><Link Class="std:DiagramLink" Id="7" Version="2"><ZIndex>3</ZIndex><HyperLink></HyperLink><Locked>false</Locked><Visible>true</Visible><Text></Text><TextPadding>1, 1, 1, 1</TextPadding><IgnoreLayout>false</IgnoreLayout><Origin Id="1" ClassId="cnTerminator" Version="1"/><OriginRelative>95.15046296296295, 100</OriginRelative><OriginAnchor>-1</OriginAnchor><Destination Id="2" ClassId="cnOperation" Version="1"/><DestinationRelative>50, 0</DestinationRelative><DestinationAnchor>0</DestinationAnchor><Shape>2</Shape><SegmentCount>3</SegmentCount><Points><Point>86.25416666666666, 20</Point><Point>86.25416666666666, 30</Point><Point>72, 30</Point><Point>72, 40</Point></Points><Dynamic>false</Dynamic><AutoRoute>true</AutoRoute><AutoSnapToNode>true</AutoSnapToNode><CascadeStartHorizontal>false</CascadeStartHorizontal><TextStyle>0</TextStyle><HeadShape Id="Triangle"/><HeadShapeSize>3</HeadShapeSize><BaseShapeSize>5</BaseShapeSize></Link><Link Class="std:DiagramLink" Id="8" Version="2"><ZIndex>5</ZIndex><HyperLink></HyperLink><Locked>false</Locked><Visible>true</Visible><Text></Text><TextPadding>1, 1, 1, 1</TextPadding><IgnoreLayout>false</IgnoreLayout><Origin Id="2" ClassId="cnOperation" Version="1"/><OriginRelative>50, 100</OriginRelative><OriginAnchor>1</OriginAnchor><Destination Id="3" ClassId="cnOperation" Version="1"/><DestinationRelative>50, 0</DestinationRelative><DestinationAnchor>0</DestinationAnchor><Shape>2</Shape><SegmentCount>3</SegmentCount><Points><Point>72, 72</Point><Point>72, 82</Point><Point>26, 82</Point><Point>26, 92</Point></Points><Dynamic>false</Dynamic><AutoRoute>true</AutoRoute><AutoSnapToNode>true</AutoSnapToNode><CascadeStartHorizontal>false</CascadeStartHorizontal><TextStyle>0</TextStyle><HeadShape Id="Triangle"/><HeadShapeSize>3</HeadShapeSize><BaseShapeSize>5</BaseShapeSize></Link><Link Class="std:DiagramLink" Id="9" Version="2"><ZIndex>7</ZIndex><HyperLink></HyperLink><Locked>false</Locked><Visible>true</Visible><Text></Text><TextPadding>1, 1, 1, 1</TextPadding><IgnoreLayout>false</IgnoreLayout><Origin Id="3" ClassId="cnOperation" Version="1"/><OriginRelative>100, 50</OriginRelative><OriginAnchor>2</OriginAnchor><Destination Id="4" ClassId="cnOperation" Version="1"/><DestinationRelative>50, 0</DestinationRelative><DestinationAnchor>0</DestinationAnchor><Shape>2</Shape><SegmentCount>4</SegmentCount><Points><Point>44, 104</Point><Point>76.5, 104</Point><Point>76.5, 84</Point><Point>138, 84</Point><Point>138, 92</Point></Points><Dynamic>false</Dynamic><AutoRoute>true</AutoRoute><AutoSnapToNode>true</AutoSnapToNode><CascadeStartHorizontal>true</CascadeStartHorizontal><TextStyle>0</TextStyle><HeadShape Id="Triangle"/><HeadShapeSize>3</HeadShapeSize><BaseShapeSize>5</BaseShapeSize></Link><Link Class="std:DiagramLink" Id="10" Version="2"><ZIndex>8</ZIndex><HyperLink></HyperLink><Locked>false</Locked><Visible>true</Visible><Text></Text><TextPadding>1, 1, 1, 1</TextPadding><IgnoreLayout>false</IgnoreLayout><Origin Id="4" ClassId="cnOperation" Version="1"/><OriginRelative>50, 100</OriginRelative><OriginAnchor>1</OriginAnchor><Destination Id="3" ClassId="cnOperation" Version="1"/><DestinationRelative>50, 0</DestinationRelative><DestinationAnchor>0</DestinationAnchor><Shape>2</Shape><SegmentCount>5</SegmentCount><Points><Point>138, 120</Point><Point>138, 128</Point><Point>79.5, 128</Point><Point>79.5, 84</Point><Point>26, 84</Point><Point>26, 92</Point></Points><Dynamic>false</Dynamic><AutoRoute>true</AutoRoute><AutoSnapToNode>true</AutoSnapToNode><CascadeStartHorizontal>false</CascadeStartHorizontal><TextStyle>0</TextStyle><HeadShape Id="Triangle"/><HeadShapeSize>3</HeadShapeSize><BaseShapeSize>5</BaseShapeSize></Link><Link Class="std:DiagramLink" Id="11" Version="2"><ZIndex>10</ZIndex><HyperLink></HyperLink><Locked>false</Locked><Visible>true</Visible><Text></Text><TextPadding>1, 1, 1, 1</TextPadding><IgnoreLayout>false</IgnoreLayout><Origin Id="3" ClassId="cnOperation" Version="1"/><OriginRelative>50, 100</OriginRelative><OriginAnchor>1</OriginAnchor><Destination Id="5" ClassId="cnOperation" Version="1"/><DestinationRelative>50, 0</DestinationRelative><DestinationAnchor>0</DestinationAnchor><Shape>2</Shape><SegmentCount>3</SegmentCount><Points><Point>26, 116</Point><Point>26, 126</Point><Point>76, 126</Point><Point>76, 136</Point></Points><Dynamic>false</Dynamic><AutoRoute>true</AutoRoute><AutoSnapToNode>true</AutoSnapToNode><CascadeStartHorizontal>false</CascadeStartHorizontal><TextStyle>0</TextStyle><HeadShape Id="Triangle"/><HeadShapeSize>3</HeadShapeSize><BaseShapeSize>5</BaseShapeSize></Link><Link Class="std:DiagramLink" Id="12" Version="2"><ZIndex>12</ZIndex><HyperLink></HyperLink><Locked>false</Locked><Visible>true</Visible><Text></Text><TextPadding>1, 1, 1, 1</TextPadding><IgnoreLayout>false</IgnoreLayout><Origin Id="5" ClassId="cnOperation" Version="1"/><OriginRelative>50, 100</OriginRelative><OriginAnchor>1</OriginAnchor><Destination Id="6" ClassId="cnTerminator" Version="1"/><DestinationRelative>52.95717592592592, 0</DestinationRelative><DestinationAnchor>-1</DestinationAnchor><Shape>2</Shape><SegmentCount>3</SegmentCount><Points><Point>76, 164</Point><Point>76, 172</Point><Point>51.06458333333333, 172</Point><Point>51.06458333333333, 180</Point></Points><Dynamic>false</Dynamic><AutoRoute>true</AutoRoute><AutoSnapToNode>true</AutoSnapToNode><CascadeStartHorizontal>false</CascadeStartHorizontal><TextStyle>0</TextStyle><HeadShape Id="Triangle"/><HeadShapeSize>3</HeadShapeSize><BaseShapeSize>5</BaseShapeSize></Link></Links><Properties><LinkHeadShape Id="Triangle"/><LinkHeadShapeSize>3</LinkHeadShapeSize><LinkBaseShapeSize>5</LinkBaseShapeSize><AlignToGrid>true</AlignToGrid><ShowGrid>false</ShowGrid><GridStyle>0</GridStyle><GridColor>#FF8c8c96</GridColor><GridSizeX>4</GridSizeX><GridSizeY>4</GridSizeY><GridOffsetX>0</GridOffsetX><GridOffsetY>0</GridOffsetY><ShadowsStyle>1</ShadowsStyle><ShadowOffsetX>0</ShadowOffsetX><ShadowOffsetY>0</ShadowOffsetY><LinkStyle>2</LinkStyle><LinkSegments>2</LinkSegments><Bounds>0, 0, 210, 297</Bounds><NodesExpandable>false</NodesExpandable><TablesScrollable>false</TablesScrollable><ToolTip/><Font><Name>sans-serif</Name><Size>4</Size><Bold>false</Bold><Italic>false</Italic><Underline>false</Underline></Font><ImageAlign>4</ImageAlign><BackgroundImageUrl/><DefaultShape Id="Rectangle"/><ShapePen><Color Id="1"/></ShapePen><LinkPen><Color Id="1"/></LinkPen><ShapeBrush Id="2"/><LinkBrush Id="2"/><Brush Id="2"/><AllowUnconnectedLinks>false</AllowUnconnectedLinks><RouteLinks>true</RouteLinks><LinkTextStyle>0</LinkTextStyle><MeasureUnit>6</MeasureUnit><LinkText/><ShapeText/><LinkCrossings>0</LinkCrossings><AutoSnapDistance>20</AutoSnapDistance><RoundedLinks>true</RoundedLinks><RoundedLinksRadius>2</RoundedLinksRadius><EnableLanes>false</EnableLanes><Lane><LeftMargin>0</LeftMargin><TopMargin>0</TopMargin><MinHeaderSize>10</MinHeaderSize><HookHeaders>true</HookHeaders><HeadersOnTop>true</HeadersOnTop><RowWidths/><ColumnHeights/><AllowResizeHeaders>true</AllowResizeHeaders><Columns><Width>0</Width><Height>0</Height><ResizeType>1</ResizeType><Title></Title><RotateTitle>false</RotateTitle><TitleColor>#FF000000</TitleColor><Style><LeftBorderPen/><TopBorderPen/><RightBorderPen/><BottomBorderPen/></Style><SubHeaders/></Columns><Rows><Width>0</Width><Height>0</Height><ResizeType>1</ResizeType><Title></Title><RotateTitle>false</RotateTitle><TitleColor>#FF000000</TitleColor><Style><LeftBorderPen/><TopBorderPen/><RightBorderPen/><BottomBorderPen/></Style><SubHeaders/></Rows><Cells ColumnCount="0" RowCount="0"/></Lane><AutoResize>1</AutoResize><AllowSelfLoops>true</AllowSelfLoops><ExpandOnIncoming>false</ExpandOnIncoming><ExpandButtonAction>0</ExpandButtonAction><ShowAnchors>0</ShowAnchors><AdjustmentHandlesSize>2</AdjustmentHandlesSize><ShowDisabledHandles>true</ShowDisabledHandles><DynamicLinks>false</DynamicLinks><AutoArrangeAvoidSegments>true</AutoArrangeAvoidSegments><AutoArrangeAvoidContainers>true</AutoArrangeAvoidContainers><AllowMultipleSelection>true</AllowMultipleSelection><SelectedItemHandlesStyle><HandleBrush Id="3"/><HatchBrush Id="4"/><PatternBrush Id="4"/><ControlPointBrush Id="5"/><HandlePen><Brush Id="6"/></HandlePen><DashPen><Brush Id="6"/></DashPen></SelectedItemHandlesStyle><ActiveItemHandlesStyle><HandleBrush Id="4"/><HatchBrush Id="4"/><PatternBrush Id="4"/><ControlPointBrush Id="5"/><HandlePen><Brush Id="6"/></HandlePen><DashPen><Brush Id="6"/></DashPen></ActiveItemHandlesStyle><DisabledHandlesStyle><HandleBrush Id="7"/><HatchBrush Id="4"/><PatternBrush Id="4"/><ControlPointBrush Id="5"/><HandlePen><Brush Id="6"/></HandlePen><DashPen><Brush Id="6"/></DashPen></DisabledHandlesStyle></Properties><Effects/><Selection></Selection><Resources><Brushes><Brush Index="2" Type="Solid"><Color>#FFffffff</Color></Brush><Brush Index="7" Type="Solid"><Color>#00c80000</Color></Brush><Brush Index="5" Type="Solid"><Color>#FFffff00</Color></Brush><Brush Index="1" Type="Solid"><Color>#FF000000</Color></Brush><Brush Index="6" Type="Solid"><Color>#FF000000</Color></Brush><Brush Index="3" Type="Solid"><Color>#00aaaaaa</Color></Brush><Brush Index="4" Type="Solid"><Color>#FFffffff</Color></Brush><Brush Index="0" Type="Solid"><Color>#FFffffff</Color></Brush></Brushes><Images Count="0"/><Effects/><Styles/><Svgs Count="0"/></Resources></Diagram>