[
    {
        "id": "a",
        "title": "Provider "
    },
    {
        "id": "b",
        "title": "Provider",
        "eventColor": "green"
    },
    {
        "id": "c",
        "title": "Provider"
        
    },
    {
        "id": "d",
        "title": "Provider"
       
    },
    {
        "id": "e",
        "title": "Provider"
    },
    {
        "id": "f",
        "title": "Provider",
        "eventColor": "red"
    },
    {
        "id": "g",
        "title": "Provider"
    },
    {
        "id": "h",
        "title": "Provider"
    },
    {
        "id": "i",
        "title": "Provider"
    },
    {
        "id": "j",
        "title": "Provider"
    }
    
]