{
    "locale": "es-ES",
    "strings": {
        "newFormHeader": "Cita",
        "editFormHeader": "Editar Cita",
        "newRecurrenceFormHeader": "Recurrencia",
        "editRecurrenceFormHeader": "Editar Recurrencia",
        "cueFormHeader": "Señal de artículos",
        "dateCaption": "Fecha",
        "datesCaption": "Fechas",
        "subjectCaption": "Tema",
        "startTimeCaption": "Hora de comienzo",
        "endTimeCaption": "Hora de fin",
        "allDayEventCaption": "Evento de todo el día",
        "reminderCaption": "Recordatorio",
        "detailsCaption": "Detalles",
        "contactsCaption": "Contactos",
        "todayCaption": "Hoy",
        "locationCaption": "Ubicación",
        "patternCaption": "Patrón",
        "rangeCaption": "Rango de recurrencia",
        "everyCaption": "Cada",
        "ofEveryCaption": "de cada",
        "startCaption": "Comienzo",
        "noEndCaption": "Sin fecha de fin",
        "endAfterCaption": "Terminar después de",
        "endDateCaption": "Terminar para",
        "saveButtonCaption": "Guardar",
        "optionsButtonCaption": "Opciones",
        "cancelButtonCaption": "Cancelar",
        "recurrenceButtonCaption": "Recurrencia",
        "deleteButtonCaption": "Eliminar",
        "secondsValue": "segundos",
        "minuteValue": "minuto",
        "minutesValue": "minutos",
        "hourValue": "hora",
        "hoursValue": "horas",
        "dayValue": "día",
        "daysValue": "días",
        "weeksValue": "semanas",
        "monthValue": "mes",
        "dailyValue": "Diario",
        "weeklyValue": "Semanal",
        "monthlyValue": "Mensual",
        "yearlyValue": "Anual",
        "intervalValue": "Por intervalo de tiempo",
        "firstValue": "primero",
        "secondValue": "segundo",
        "thirdValue": "tercero",
        "fourthValue": "cuarto",
        "lastValue": "último",
        "weekendValue": "fin de semana",
        "weekdayValue": "día de la semana",
        "recurrenceDailyOnePattern": "Ocurre todos los días",
        "recurrenceDailyTwoPattern": "Ocurre cada [Days] días",
        "recurrenceDailyThreePattern": "Ocurre todos los días de la semana",
        "recurrenceDailyFourPattern": "Ocurre todos los días de fin de semana",
        "recurrenceWeeklyOnePattern": "Ocurre cada [DaysOfWeek]",
        "recurrenceWeeklyTwoPattern": "Ocurre cada [Weeks] semanas el [DaysOfWeek]",
        "recurrenceMonthlyOnePattern": "Ocurre cada [DayOfMonth] de cada [Months] mes(es)",
        "recurrenceMonthlyTwoPattern": "Ocurre el [Occurrence] [Day] de cada [Months] mes(es)",
        "recurrenceYearlyOnePattern": "Ocurre cada [MonthOfYear] [DayOfMonth]",
        "recurrenceYearlyTwoPattern": "Ocurre el [Occurrence] [Day] del [MonthOfYear]",
        "recurrenceIntervalPattern": "Ocurre cada [Interval.Days] días [Interval.Hours] horas [Interval.Minutes] minutos [Interval.Seconds] segundos",
        "recurrenceStartDatePattern": "efectivo [StartDate]",
        "recurrenceEndDatePattern": "hasta [EndDate]",
        "recurrenceTimeOnePattern": "desde [StartTime] hasta [EndTime]",
        "recurrenceTimeTwoPattern": "en [StartTime]",
        "taskFormHeader": "Tarea",
        "taskPriorityLow": "Bajo",
        "taskPriorityNormal": "Normal",
        "taskPriorityHigh": "Alto",
        "taskStatusNotStarted": "No Iniciado",
        "taskStatusInProgress": "En Progreso",
        "taskStatusCompleted": "Completado",
        "taskStatusWaiting": "Esperando a alguien más",
        "taskStatusDeferred": "Diferido",
        "percentCompleteCaption": "% Completo",
        "dueDateCaption": "Fecha de vencimiento",
        "priorityCaption": "Prioridad",
        "startDateCaption": "Fecha de comienzo",
        "statusCaption": "Estado",
        "timeCaption": "Tiempo",
        "oKButtonCaption": "OK",
        "removeButtonCaption": "Eliminar",
        "weekValue": "semana",
        "durationCaption": "Duración",
        "endCaption": "Final",
        "daysCaption": "Días",
        "hoursCaption": "Horas",
        "minutesCaption": "Minutos",
        "secondsCaption": "Segundos",
        "monthsValue": "mes(es)",
        "recurEveryValue": "Se repite cada",
        "occurrencesValue": "ocurrencias",
        "weeksOnValue": "semana(s) en",
        "everyWeekdayValue": "Todos los días de la semana",
        "everyWeekendValue": "Todos los días de fin de semana",
        "theValue": "El",
        "invalidRecurrenceIntervalHeader": "Recurrencia no válida",
        "invalidRecurrenceIntervalMessage": "El intervalo de recurrencia debe ser mayor que cero.",
        "confirmRecurrenceRemoveHeader": "Eliminar recurrencia",
        "confirmRecurrenceRemoveMessage": "¿Confirmar la eliminación de recurrencia?"
    }
}