{
    "locale": "pt-PT",
    "strings": {
        "newFormHeader": "Marcação",
        "editFormHeader": "Editar Marcação",
        "newRecurrenceFormHeader": "Recorrência",
        "editRecurrenceFormHeader": "Editar Recorrência",
        "cueFormHeader": "Itens de indicação",
        "dateCaption": "Data",
        "datesCaption": "Datas",
        "subjectCaption": "Assunto",
        "startTimeCaption": "Hora de início",
        "endTimeCaption": "Hora de fim",
        "allDayEventCaption": "Evento de Dia Inteiro",
        "reminderCaption": "Lembrete",
        "detailsCaption": "Detalhes",
        "contactsCaption": "Contactos",
        "todayCaption": "Hoje",
        "locationCaption": "Localização",
        "patternCaption": "Padrão",
        "rangeCaption": "Amplitude de recorrência",
        "everyCaption": "A cada",
        "ofEveryCaption": "de cada",
        "startCaption": "Início",
        "noEndCaption": "Sem data de fim",
        "endAfterCaption": "Terminar depois",
        "endDateCaption": "Terminar em",
        "saveButtonCaption": "Guardar",
        "optionsButtonCaption": "Opções",
        "cancelButtonCaption": "Cancelar",
        "recurrenceButtonCaption": "Recorrência",
        "deleteButtonCaption": "Eliminar",
        "secondsValue": "segundos",
        "minuteValue": "minuto",
        "minutesValue": "minutos",
        "hourValue": "hora",
        "hoursValue": "horas",
        "dayValue": "dia",
        "daysValue": "dias",
        "weeksValue": "semanas",
        "monthValue": "mês",
        "dailyValue": "Diário",
        "weeklyValue": "Semanal",
        "monthlyValue": "Mensal",
        "yearlyValue": "Anual",
        "intervalValue": "Por intervalo de tempo",
        "firstValue": "primeiro",
        "secondValue": "segundo",
        "thirdValue": "terceiro",
        "fourthValue": "quarto",
        "lastValue": "último",
        "weekendValue": "fim de semana",
        "weekdayValue": "dia útil",
        "recurrenceDailyOnePattern": "Ocorre a cada dia",
        "recurrenceDailyTwoPattern": "Ocorre a cada [Days] dias",
        "recurrenceDailyThreePattern": "Ocorre a cada dia útil",
        "recurrenceDailyFourPattern": "Ocorre a cada dia de fim de semana",
        "recurrenceWeeklyOnePattern": "Ocorre a cada [DaysOfWeek]",
        "recurrenceWeeklyTwoPattern": "Ocorre a cada [Weeks] semanas em [DaysOfWeek]",
        "recurrenceMonthlyOnePattern": "Ocorre no dia [DayOfMonth] de cada [Months] mês(s)",
        "recurrenceMonthlyTwoPattern": "Ocorre no [Occurrence] [Day] de cada [Months] mês(s)",
        "recurrenceYearlyOnePattern": "Ocorre a cada [MonthOfYear] [DayOfMonth]",
        "recurrenceYearlyTwoPattern": "Ocorre no [Occurrence] [Day] de [MonthOfYear]",
        "recurrenceIntervalPattern": "Ocorre a cada [Interval.Days] dias [Interval.Hours] horas [Interval.Minutes] minutos [Interval.Seconds] segundos",
        "recurrenceStartDatePattern": "efetivo [StartDate]",
        "recurrenceEndDatePattern": "até [EndDate]",
        "recurrenceTimeOnePattern": "de [StartTime] até [EndTime]",
        "recurrenceTimeTwoPattern": "em [StartTime]",
        "taskFormHeader": "Tarefa",
        "taskPriorityLow": "Baixa",
        "taskPriorityNormal": "Normal",
        "taskPriorityHigh": "Alta",
        "taskStatusNotStarted": "Não Iniciado",
        "taskStatusInProgress": "A Decorrer",
        "taskStatusCompleted": "Concluído",
        "taskStatusWaiting": "À espera de alguém",
        "taskStatusDeferred": "Deferido",
        "percentCompleteCaption": "% Concluído",
        "dueDateCaption": "Data Limite",
        "priorityCaption": "Prioridade",
        "startDateCaption": "Data de início",
        "statusCaption": "Estado",
        "timeCaption": "Tempo",
        "oKButtonCaption": "OK",
        "removeButtonCaption": "Remover",
        "weekValue": "semana",
        "durationCaption": "Duração",
        "endCaption": "Fim",
        "daysCaption": "Dias",
        "hoursCaption": "Horas",
        "minutesCaption": "Minutos",
        "secondsCaption": "Segundos",
        "monthsValue": "mês(s)",
        "recurEveryValue": "Repete a cada",
        "occurrencesValue": "ocorrências",
        "weeksOnValue": "semana(s) em",
        "everyWeekdayValue": "A cada dia útil",
        "everyWeekendValue": "A cada dia de fim de semana",
        "theValue": "O",
        "invalidRecurrenceIntervalHeader": "Recorrência inválida",
        "invalidRecurrenceIntervalMessage": "O intervalo de recorrência precisa de ser maior do que zero.",
        "confirmRecurrenceRemoveHeader": "Remover recorrência",
        "confirmRecurrenceRemoveMessage": "Confirmar remoção da recorrência?"
    }
}