{
    "locale": "fr-FR",
    "strings": {
        "newFormHeader": "Rendez-vous",
        "editFormHeader": "Modifier le Rendez-vous",
        "newRecurrenceFormHeader": "Récurrence",
        "editRecurrenceFormHeader": "Modifier la Récurrence",
        "cueFormHeader": "Repères",
        "dateCaption": "Date",
        "datesCaption": "Dates",
        "subjectCaption": "Sujet",
        "startTimeCaption": "Heure de début",
        "endTimeCaption": "Heure de fin",
        "allDayEventCaption": "Toute la journée",
        "reminderCaption": "Rappel",
        "detailsCaption": "Détails",
        "contactsCaption": "Contacts",
        "todayCaption": "Aujourd'hui",
        "locationCaption": "Lieu",
        "patternCaption": "Schéma",
        "rangeCaption": "Période de récurrence",
        "everyCaption": "Chaque",
        "ofEveryCaption": "de chaque",
        "startCaption": "Début",
        "noEndCaption": "Pas de date de fin",
        "endAfterCaption": "Fin après",
        "endDateCaption": "Fin d'ici",
        "saveButtonCaption": "Sauvegarder",
        "optionsButtonCaption": "Options",
        "cancelButtonCaption": "Annuler",
        "recurrenceButtonCaption": "Récurrence",
        "deleteButtonCaption": "Supprimer",
        "secondsValue": "secondes",
        "minuteValue": "minute",
        "minutesValue": "minutes",
        "hourValue": "heure",
        "hoursValue": "heures",
        "dayValue": "jour",
        "daysValue": "jours",
        "weeksValue": "semaines",
        "monthValue": "mois",
        "dailyValue": "Quotidien",
        "weeklyValue": "Hebdomadaire",
        "monthlyValue": "Mensuel",
        "yearlyValue": "Annuel",
        "intervalValue": "Par intervalle de temps",
        "firstValue": "premier",
        "secondValue": "deuxième",
        "thirdValue": "troisième",
        "fourthValue": "quatrième",
        "lastValue": "dernier",
        "weekendValue": "week-end",
        "weekdayValue": "jour de semaine",
        "recurrenceDailyOnePattern": "Tous les jours",
        "recurrenceDailyTwoPattern": "Tous les [Days] jours",
        "recurrenceDailyThreePattern": "Tous les jours de la semaine",
        "recurrenceDailyFourPattern": "Tous les jours du week-end",
        "recurrenceWeeklyOnePattern": "Se produit tous les [DaysOfWeek]",
        "recurrenceWeeklyTwoPattern": "Se produit toutes les [Weeks] semaines le [DaysOfWeek]",
        "recurrenceMonthlyOnePattern": "Se produit le jour [DayOfMonth] de chaque [Months] mois",
        "recurrenceMonthlyTwoPattern": "Se produit le [Occurrence] [Day] de chaque [Months] mois",
        "recurrenceYearlyOnePattern": "Se produit tous les [MonthOfYear] [DayOfMonth].",
        "recurrenceYearlyTwoPattern": "Se produit le [Occurrence] [Day] de [MonthOfYear]",
        "recurrenceIntervalPattern": "Se produit tous les [Interval.Days] jours [Interval.Hours] heures [Interval.Minutes] minutes [Interval.Seconds] secondes",
        "recurrenceStartDatePattern": "à partir de [StartDate]",
        "recurrenceEndDatePattern": "jusqu'à [EndDate]",
        "recurrenceTimeOnePattern": "de [StartTime] à [EndTime]",
        "recurrenceTimeTwoPattern": "à [StartTime]",
        "taskFormHeader": "Tâche",
        "taskPriorityLow": "Faible",
        "taskPriorityNormal": "Normale",
        "taskPriorityHigh": "Haute",
        "taskStatusNotStarted": "Non Démarré",
        "taskStatusInProgress": "En Cours",
        "taskStatusCompleted": "Terminé",
        "taskStatusWaiting": "En attente de quelqu'un d'autre",
        "taskStatusDeferred": "Différé",
        "percentCompleteCaption": "% Terminé",
        "dueDateCaption": "Date d'échéance",
        "priorityCaption": "Priorité",
        "startDateCaption": "Date de début",
        "statusCaption": "Statut",
        "timeCaption": "Heure",
        "oKButtonCaption": "OK",
        "removeButtonCaption": "Supprimer",
        "weekValue": "semaine",
        "durationCaption": "Durée",
        "endCaption": "Fin",
        "daysCaption": "Jours",
        "hoursCaption": "Heures",
        "minutesCaption": "Minutes",
        "secondsCaption": "Secondes",
        "monthsValue": "mois",
        "recurEveryValue": "Revient chaque",
        "occurrencesValue": "occurrences",
        "weeksOnValue": "semaine(s) le",
        "everyWeekdayValue": "Chaque jour de la semaine",
        "everyWeekendValue": "Tous les jours du week-end",
        "theValue": "Le",
        "invalidRecurrenceIntervalHeader": "Récurrence non valide",
        "invalidRecurrenceIntervalMessage": "L'intervalle de récurrence doit être supérieur à zéro.",
        "confirmRecurrenceRemoveHeader": "Supprimer la récurrence",
        "confirmRecurrenceRemoveMessage": "Confirmer la suppression de la récurrence ?"
    }
}