{
  "locale": "ja-JP",
  "strings": {
      "newFormHeader": "アポイントメント",
      "editFormHeader": "予定を編集",
      "newRecurrenceFormHeader": "再発",
      "editRecurrenceFormHeader": "繰り返しを編集",
      "cueFormHeader": "キューアイテム",
      "dateCaption": "日にち",
      "datesCaption": "日付",
      "subjectCaption": "主題",
      "startTimeCaption": "始まる時間",
      "endTimeCaption": "終了時間",
      "allDayEventCaption": "終日イベント",
      "reminderCaption": "リマインダー",
      "detailsCaption": "詳細",
      "contactsCaption": "連絡先",
      "todayCaption": "今日",
      "locationCaption": "位置",
      "patternCaption": "パターン",
      "rangeCaption": "再発の範囲",
      "everyCaption": "毎日",
      "ofEveryCaption": "すべての",
      "startCaption": "始める",
      "noEndCaption": "終了日なし",
      "endAfterCaption": "後に終了",
      "endDateCaption": "終了",
      "saveButtonCaption": "保存",
      "optionsButtonCaption": "オプション",
      "cancelButtonCaption": "キャンセル",
      "recurrenceButtonCaption": "再発",
      "deleteButtonCaption": "消去",
      "secondsValue": "秒単位",
      "minuteValue": "分",
      "minutesValue": "分",
      "hourValue": "時間",
      "hoursValue": "時間",
      "dayValue": "日",
      "daysValue": "日々",
      "weeksValue": "週間",
      "monthValue": "月",
      "dailyValue": "毎日",
      "weeklyValue": "毎週",
      "monthlyValue": "毎月",
      "yearlyValue": "毎年",
      "intervalValue": "時間間隔別",
      "firstValue": "初め",
      "secondValue": "二番目",
      "thirdValue": "第三",
      "fourthValue": "第四",
      "lastValue": "最後",
      "weekendValue": "週末",
      "weekdayValue": "平日",
      "recurrenceDailyOnePattern": "毎日発生",
      "recurrenceDailyTwoPattern": "[Days] 日ごとに発生します",
      "recurrenceDailyThreePattern": "平日毎日開催",
      "recurrenceDailyFourPattern": "毎週末開催",
      "recurrenceWeeklyOnePattern": "[DaysOfWeek] ごとに発生します",
      "recurrenceWeeklyTwoPattern": "[DaysOfWeek] に [Weeks] 週間ごとに発生します",
      "recurrenceMonthlyOnePattern": "[Month] か月ごとの [DayOfMonth] 日が発生します。",
      "recurrenceMonthlyTwoPattern": "[Months] 月ごとの [Occurrence] [Day] に発生します",
      "recurrenceYearlyOnePattern": "[MonthOfYear] [DayOfMonth] ごとに発生します",
      "recurrenceYearlyTwoPattern": "[MonthOfYear] の [Occurrence] [Day] に発生します",
      "recurrenceIntervalPattern": "[Interval.Days] 日 [Interval.Hours] 時間 [Interval.Minutes] 分 [Interval.Seconds] 秒ごとに発生",
      "recurrenceStartDatePattern": "発効 [StartDate]",
      "recurrenceEndDatePattern": "[EndDate] まで",
      "recurrenceTimeOnePattern": "[StartTime] から [EndTime] まで",
      "recurrenceTimeTwoPattern": "[StartTime] に",
      "taskFormHeader": "タスク",
      "taskPriorityLow": "低い",
      "taskPriorityNormal": "ノーマル",
      "taskPriorityHigh": "高",
      "taskStatusNotStarted": "始まっていない",
      "taskStatusInProgress": "進行中",
      "taskStatusCompleted": "完了",
      "taskStatusWaiting": "他の誰かを待っている",
      "taskStatusDeferred": "据え置き",
      "percentCompleteCaption": "％ 完了",
      "dueDateCaption": "期日",
      "priorityCaption": "優先順位",
      "startDateCaption": "開始日",
      "statusCaption": "スターテス",
      "timeCaption": "時間",
      "oKButtonCaption": "オーケー",
      "removeButtonCaption": "削除",
      "weekValue": "週間",
      "durationCaption": "デュレーション",
      "endCaption": "終わり",
      "daysCaption": "日々",
      "hoursCaption": "時間",
      "minutesCaption": "分",
      "secondsCaption": "秒",
      "monthsValue": "月",
      "recurEveryValue": "繰り返す間隔",
      "occurrencesValue": "出現",
      "weeksOnValue": "週間",
      "everyWeekdayValue": "平日毎日",
      "everyWeekendValue": "週末の毎日",
      "theValue": "の",
      "invalidRecurrenceIntervalHeader": "無効な繰り返し",
      "invalidRecurrenceIntervalMessage": "繰り返し間隔は 0 より大きくする必要があります。",
      "confirmRecurrenceRemoveHeader": "再発を削除",
      "confirmRecurrenceRemoveMessage": "繰り返しの削除を確認しますか?"
    }
  }