{
    "locale": "nl-NL",
    "strings": {
        "newFormHeader": "Afspraak",
        "editFormHeader": "Bewerk afspraak",
        "newRecurrenceFormHeader": "Herhaling",
        "editRecurrenceFormHeader": "Bewerk herhaling",
        "cueFormHeader": "Cue-items",
        "dateCaption": "Datum",
        "datesCaption": "Datums",
        "subjectCaption": "Onderwerp",
        "startTimeCaption": "Begintijd",
        "endTimeCaption": "Eindtijd",
        "allDayEventCaption": "Gehele dag evenement",
        "reminderCaption": "Herinnering",
        "detailsCaption": "Details",
        "contactsCaption": "Contacten",
        "todayCaption": "Vandaag",
        "locationCaption": "Locatie",
        "patternCaption": "Patroon",
        "rangeCaption": "Bereik van herhaling",
        "everyCaption": "Elke",
        "ofEveryCaption": "van elke",
        "startCaption": "Begin",
        "noEndCaption": "Geen einddatum",
        "endAfterCaption": "Eindig na",
        "endDateCaption": "Eindigt op",
        "saveButtonCaption": "Opslaan",
        "optionsButtonCaption": "Opties",
        "cancelButtonCaption": "Annuleren",
        "recurrenceButtonCaption": "Herhaling",
        "deleteButtonCaption": "Verwijderen",
        "secondsValue": "seconden",
        "minuteValue": "minuut",
        "minutesValue": "minuten",
        "hourValue": "uur",
        "hoursValue": "uren",
        "dayValue": "dag",
        "daysValue": "dagen",
        "weeksValue": "weken",
        "monthValue": "maand",
        "dailyValue": "Dagelijks",
        "weeklyValue": "Wekelijks",
        "monthlyValue": "Maandelijks",
        "yearlyValue": "Jaarlijks",
        "intervalValue": "Op tijdsinterval",
        "firstValue": "eerste",
        "secondValue": "tweede",
        "thirdValue": "derde",
        "fourthValue": "vierde",
        "lastValue": "laatste",
        "weekendValue": "weekend",
        "weekdayValue": "weekdag",
        "recurrenceDailyOnePattern": "Komt elke dag voor",
        "recurrenceDailyTwoPattern": "Komt elke [Days] dagen voor",
        "recurrenceDailyThreePattern": "Komt elke weekdag voor",
        "recurrenceDailyFourPattern": "Komt elk weekenddag voor",
        "recurrenceWeeklyOnePattern": "Komt elke [DaysOfWeek] voor",
        "recurrenceWeeklyTwoPattern": "Komt elke [Weeks] weken voor op [DaysOfWeek]",
        "recurrenceMonthlyOnePattern": "Gebeurt dag [DayOfMonth] van elke [Months] maand(en)",
        "recurrenceMonthlyTwoPattern": "Gebeurt op de [Occurrence] [Day] van elke [Months] maand(en)",
        "recurrenceYearlyOnePattern": "Gebeurt elke [MonthOfYear] [DayOfMonth]",
        "recurrenceYearlyTwoPattern": "Gebeurt op de [Occurrence] [Day] van [MonthOfYear]",
        "recurrenceIntervalPattern": "Gebeurt elke [Interval.Days] dagen [Interval.Hours] uur [Interval.Minutes] minuten [Interval.Seconds] seconden",
        "recurrenceStartDatePattern": "effectief vanaf [StartDate]",
        "recurrenceEndDatePattern": "tot [EndDate]",
        "recurrenceTimeOnePattern": "van [StartTime] tot [EndTime]",
        "recurrenceTimeTwoPattern": "om [StartTime]",
        "taskFormHeader": "Taak",
        "taskPriorityLow": "Laag",
        "taskPriorityNormal": "Normaal",
        "taskPriorityHigh": "Hoog",
        "taskStatusNotStarted": "Niet gestart",
        "taskStatusInProgress": "In uitvoering",
        "taskStatusCompleted": "Voltooid",
        "taskStatusWaiting": "Wachten op iemand anders",
        "taskStatusDeferred": "Uitgesteld",
        "percentCompleteCaption": "% voltooid",
        "dueDateCaption": "Vervaldatum",
        "priorityCaption": "Prioriteit",
        "startDateCaption": "Startdatum",
        "statusCaption": "Status",
        "timeCaption": "Tijd",
        "oKButtonCaption": "OK",
        "removeButtonCaption": "Verwijderen",
        "weekValue": "week",
        "durationCaption": "Duur",
        "endCaption": "Einde",
        "daysCaption": "Dagen",
        "hoursCaption": "Uren",
        "minutesCaption": "Minuten",
        "secondsCaption": "Seconden",
        "monthsValue": "maand(en)",
        "recurEveryValue": "Herhalen elke",
        "occurrencesValue": "gebeurtenis(sen)",
        "weeksOnValue": "week(en) op",
        "everyWeekdayValue": "Elke weekdag",
        "everyWeekendValue": "Elke weekenddag",
        "theValue": "De",
        "invalidRecurrenceIntervalHeader": "Ongeldige herhaling",
        "invalidRecurrenceIntervalMessage": "De herhalingsinterval moet groter zijn dan nul.",
        "confirmRecurrenceRemoveHeader": "Herhaling verwijderen",
        "confirmRecurrenceRemoveMessage": "Herhaling verwijderen bevestigen?"
    }
}